doc_id,title,abstract,source
DDI-MedLine.d203,,,DDICorpus/Test/Test for DrugNER task/MedLine/21824120.xml
DDI-MedLine.d220,,,DDICorpus/Test/Test for DrugNER task/MedLine/21901983.xml
DDI-MedLine.d191,,,DDICorpus/Test/Test for DrugNER task/MedLine/21837983.xml
DDI-MedLine.d187,,,DDICorpus/Test/Test for DrugNER task/MedLine/21850885.xml
DDI-MedLine.d183,,,DDICorpus/Test/Test for DrugNER task/MedLine/21731080.xml
DDI-MedLine.d198,,,DDICorpus/Test/Test for DrugNER task/MedLine/21730162.xml
DDI-MedLine.d206,,,DDICorpus/Test/Test for DrugNER task/MedLine/21928724.xml
DDI-MedLine.d215,,,DDICorpus/Test/Test for DrugNER task/MedLine/21888227.xml
DDI-MedLine.d142,,,DDICorpus/Test/Test for DrugNER task/MedLine/21761739.xml
DDI-MedLine.d144,,,DDICorpus/Test/Test for DrugNER task/MedLine/21715286.xml
DDI-MedLine.d182,,,DDICorpus/Test/Test for DrugNER task/MedLine/21762153.xml
DDI-MedLine.d221,,,DDICorpus/Test/Test for DrugNER task/MedLine/21887897.xml
DDI-MedLine.d197,,,DDICorpus/Test/Test for DrugNER task/MedLine/22010421.xml
DDI-MedLine.d226,,,DDICorpus/Test/Test for DrugNER task/MedLine/21767799.xml
DDI-MedLine.d167,,,DDICorpus/Test/Test for DrugNER task/MedLine/21765011.xml
DDI-MedLine.d150,,,DDICorpus/Test/Test for DrugNER task/MedLine/21765950.xml
DDI-MedLine.d223,,,DDICorpus/Test/Test for DrugNER task/MedLine/21706978.xml
DDI-MedLine.d160,,,DDICorpus/Test/Test for DrugNER task/MedLine/22016977.xml
DDI-MedLine.d229,,,DDICorpus/Test/Test for DrugNER task/MedLine/21789791.xml
DDI-MedLine.d145,,,DDICorpus/Test/Test for DrugNER task/MedLine/21843050.xml
DDI-MedLine.d146,,,DDICorpus/Test/Test for DrugNER task/MedLine/21751666.xml
DDI-MedLine.d210,,,DDICorpus/Test/Test for DrugNER task/MedLine/22016959.xml
DDI-MedLine.d173,,,DDICorpus/Test/Test for DrugNER task/MedLine/21728158.xml
DDI-MedLine.d148,,,DDICorpus/Test/Test for DrugNER task/MedLine/21874017.xml
DDI-MedLine.d171,,,DDICorpus/Test/Test for DrugNER task/MedLine/21809598.xml
DDI-MedLine.d224,,,DDICorpus/Test/Test for DrugNER task/MedLine/21777098.xml
DDI-MedLine.d157,,,DDICorpus/Test/Test for DrugNER task/MedLine/21879526.xml
DDI-MedLine.d222,,,DDICorpus/Test/Test for DrugNER task/MedLine/21834368.xml
DDI-MedLine.d156,,,DDICorpus/Test/Test for DrugNER task/MedLine/21771591.xml
DDI-MedLine.d153,,,DDICorpus/Test/Test for DrugNER task/MedLine/22029224.xml
DDI-MedLine.d219,,,DDICorpus/Test/Test for DrugNER task/MedLine/21728157.xml
DDI-MedLine.d176,,,DDICorpus/Test/Test for DrugNER task/MedLine/21791288.xml
DDI-MedLine.d168,,,DDICorpus/Test/Test for DrugNER task/MedLine/21791289.xml
DDI-MedLine.d192,,,DDICorpus/Test/Test for DrugNER task/MedLine/21813678.xml
DDI-MedLine.d188,,,DDICorpus/Test/Test for DrugNER task/MedLine/21888100.xml
DDI-MedLine.d178,,,DDICorpus/Test/Test for DrugNER task/MedLine/21809597.xml
DDI-MedLine.d175,,,DDICorpus/Test/Test for DrugNER task/MedLine/21740149.xml
DDI-MedLine.d212,,,DDICorpus/Test/Test for DrugNER task/MedLine/21753875.xml
DDI-MedLine.d228,,,DDICorpus/Test/Test for DrugNER task/MedLine/21888103.xml
DDI-MedLine.d158,,,DDICorpus/Test/Test for DrugNER task/MedLine/21750603.xml
DDI-MedLine.d230,,,DDICorpus/Test/Test for DrugNER task/MedLine/21728182.xml
DDI-MedLine.d165,,,DDICorpus/Test/Test for DrugNER task/MedLine/21842018.xml
DDI-MedLine.d152,,,DDICorpus/Test/Test for DrugNER task/MedLine/21734381.xml
DDI-MedLine.d186,,,DDICorpus/Test/Test for DrugNER task/MedLine/21752788.xml
DDI-MedLine.d225,,,DDICorpus/Test/Test for DrugNER task/MedLine/21796866.xml
DDI-MedLine.d205,,,DDICorpus/Test/Test for DrugNER task/MedLine/21711060.xml
DDI-MedLine.d196,,,DDICorpus/Test/Test for DrugNER task/MedLine/21704241.xml
DDI-MedLine.d177,,,DDICorpus/Test/Test for DrugNER task/MedLine/21957770.xml
DDI-MedLine.d162,,,DDICorpus/Test/Test for DrugNER task/MedLine/21751434.xml
DDI-MedLine.d207,,,DDICorpus/Test/Test for DrugNER task/MedLine/21794966.xml
DDI-MedLine.d170,,,DDICorpus/Test/Test for DrugNER task/MedLine/21899534.xml
DDI-MedLine.d174,,,DDICorpus/Test/Test for DrugNER task/MedLine/21878085.xml
DDI-MedLine.d151,,,DDICorpus/Test/Test for DrugNER task/MedLine/21751542.xml
DDI-MedLine.d202,,,DDICorpus/Test/Test for DrugNER task/MedLine/21722807.xml
DDI-MedLine.d232,,,DDICorpus/Test/Test for DrugNER task/MedLine/21745652.xml
DDI-MedLine.d149,,,DDICorpus/Test/Test for DrugNER task/MedLine/21761733.xml
DDI-MedLine.d172,,,DDICorpus/Test/Test for DrugNER task/MedLine/21751828.xml
DDI-MedLine.d155,,,DDICorpus/Test/Test for DrugNER task/MedLine/21775592.xml
DDI-DrugBank.d683,,,DDICorpus/Test/Test for DrugNER task/DrugBank/Remoxipride.xml
DDI-DrugBank.d778,,,DDICorpus/Test/Test for DrugNER task/DrugBank/Praziquantel.xml
DDI-DrugBank.d617,,,DDICorpus/Test/Test for DrugNER task/DrugBank/Milrinone.xml
DDI-DrugBank.d701,,,DDICorpus/Test/Test for DrugNER task/DrugBank/Pirenzepine.xml
DDI-DrugBank.d586,,,DDICorpus/Test/Test for DrugNER task/DrugBank/Pimecrolimus.xml
DDI-DrugBank.d574,,,DDICorpus/Test/Test for DrugNER task/DrugBank/Sulfanilamide.xml
DDI-DrugBank.d667,,,DDICorpus/Test/Test for DrugNER task/DrugBank/Oxytocin.xml
DDI-DrugBank.d662,,,DDICorpus/Test/Test for DrugNER task/DrugBank/Mitoxantrone.xml
DDI-DrugBank.d594,,,DDICorpus/Test/Test for DrugNER task/DrugBank/Pentostatin.xml
DDI-DrugBank.d674,,,DDICorpus/Test/Test for DrugNER task/DrugBank/Phentolamine.xml
DDI-DrugBank.d714,,,DDICorpus/Test/Test for DrugNER task/DrugBank/Paramethadione.xml
DDI-DrugBank.d760,,,DDICorpus/Test/Test for DrugNER task/DrugBank/Methoxsalen.xml
DDI-DrugBank.d708,,,DDICorpus/Test/Test for DrugNER task/DrugBank/Panitumumab.xml
DDI-DrugBank.d749,,,DDICorpus/Test/Test for DrugNER task/DrugBank/Pegaptanib.xml
DDI-DrugBank.d740,,,DDICorpus/Test/Test for DrugNER task/DrugBank/Secretin.xml
DDI-DrugBank.d626,,,DDICorpus/Test/Test for DrugNER task/DrugBank/Quinacrine.xml
DDI-DrugBank.d764,,,DDICorpus/Test/Test for DrugNER task/DrugBank/Methyl aminolevulinate.xml
DDI-DrugBank.d681,,,DDICorpus/Test/Test for DrugNER task/DrugBank/Moricizine.xml
DDI-DrugBank.d705,,,DDICorpus/Test/Test for DrugNER task/DrugBank/Telbivudine.xml
DDI-DrugBank.d748,,,DDICorpus/Test/Test for DrugNER task/DrugBank/Masoprocol.xml
DDI-DrugBank.d589,,,DDICorpus/Test/Test for DrugNER task/DrugBank/Sermorelin.xml
DDI-DrugBank.d685,,,DDICorpus/Test/Test for DrugNER task/DrugBank/Tositumomab.xml
DDI-DrugBank.d755,,,DDICorpus/Test/Test for DrugNER task/DrugBank/Oxybuprocaine.xml
DDI-DrugBank.d768,,,DDICorpus/Test/Test for DrugNER task/DrugBank/Palonosetron.xml
DDI-DrugBank.d612,,,DDICorpus/Test/Test for DrugNER task/DrugBank/Pioglitazone.xml
DDI-DrugBank.d772,,,DDICorpus/Test/Test for DrugNER task/DrugBank/Terconazole.xml
DDI-DrugBank.d593,,,DDICorpus/Test/Test for DrugNER task/DrugBank/Ribavirin.xml
DDI-DrugBank.d730,,,DDICorpus/Test/Test for DrugNER task/DrugBank/Temazepam.xml
DDI-DrugBank.d621,,,DDICorpus/Test/Test for DrugNER task/DrugBank/Vitamin E.xml
DDI-DrugBank.d684,,,DDICorpus/Test/Test for DrugNER task/DrugBank/Tacrolimus.xml
DDI-DrugBank.d646,,,DDICorpus/Test/Test for DrugNER task/DrugBank/Rifaximin.xml
DDI-DrugBank.d692,,,DDICorpus/Test/Test for DrugNER task/DrugBank/Moxifloxacin.xml
DDI-DrugBank.d729,,,DDICorpus/Test/Test for DrugNER task/DrugBank/Oxiconazole.xml
DDI-DrugBank.d660,,,DDICorpus/Test/Test for DrugNER task/DrugBank/Palivizumab.xml
DDI-DrugBank.d767,,,DDICorpus/Test/Test for DrugNER task/DrugBank/Vincristine.xml
DDI-DrugBank.d731,,,DDICorpus/Test/Test for DrugNER task/DrugBank/Rituximab.xml
DDI-DrugBank.d592,,,DDICorpus/Test/Test for DrugNER task/DrugBank/Sodium Tetradecyl Sulfate.xml
DDI-DrugBank.d673,,,DDICorpus/Test/Test for DrugNER task/DrugBank/Olmesartan.xml
DDI-DrugBank.d718,,,DDICorpus/Test/Test for DrugNER task/DrugBank/Tetracycline.xml
DDI-DrugBank.d724,,,DDICorpus/Test/Test for DrugNER task/DrugBank/Interferon alfacon-1.xml
DDI-DrugBank.d745,,,DDICorpus/Test/Test for DrugNER task/DrugBank/S-Adenosylmethionine.xml
DDI-DrugBank.d620,,,DDICorpus/Test/Test for DrugNER task/DrugBank/Pyrazinamide.xml
DDI-DrugBank.d691,,,DDICorpus/Test/Test for DrugNER task/DrugBank/Valrubicin.xml
DDI-DrugBank.d672,,,DDICorpus/Test/Test for DrugNER task/DrugBank/Sparfloxacin.xml
DDI-DrugBank.d657,,,DDICorpus/Test/Test for DrugNER task/DrugBank/Marinol.xml
DDI-DrugBank.d663,,,DDICorpus/Test/Test for DrugNER task/DrugBank/Ranibizumab.xml
DDI-DrugBank.d614,,,DDICorpus/Test/Test for DrugNER task/DrugBank/Porfimer.xml
DDI-DrugBank.d707,,,DDICorpus/Test/Test for DrugNER task/DrugBank/Pamidronate.xml
DDI-DrugBank.d754,,,DDICorpus/Test/Test for DrugNER task/DrugBank/Sertaconazole.xml
DDI-DrugBank.d644,,,DDICorpus/Test/Test for DrugNER task/DrugBank/Estrone.xml
DDI-DrugBank.d583,,,DDICorpus/Test/Test for DrugNER task/DrugBank/Remifentanil.xml
DDI-DrugBank.d733,,,DDICorpus/Test/Test for DrugNER task/DrugBank/Misoprostol.xml
DDI-DrugBank.d664,,,DDICorpus/Test/Test for DrugNER task/DrugBank/Propylthiouracil.xml
DDI-DrugBank.d719,,,DDICorpus/Test/Test for DrugNER task/DrugBank/Reboxetine.xml
DDI-MedLine.d180,,,DDICorpus/Test/Test for DDI Extraction task/MedLine/21720561.xml
DDI-MedLine.d227,,,DDICorpus/Test/Test for DDI Extraction task/MedLine/21876510.xml
DDI-MedLine.d159,,,DDICorpus/Test/Test for DDI Extraction task/MedLine/21807063.xml
DDI-MedLine.d194,,,DDICorpus/Test/Test for DDI Extraction task/MedLine/21813412.xml
DDI-MedLine.d217,,,DDICorpus/Test/Test for DDI Extraction task/MedLine/21763710.xml
DDI-MedLine.d181,,,DDICorpus/Test/Test for DDI Extraction task/MedLine/21785118.xml
DDI-MedLine.d213,,,DDICorpus/Test/Test for DDI Extraction task/MedLine/21753749.xml
DDI-MedLine.d208,,,DDICorpus/Test/Test for DDI Extraction task/MedLine/21729965.xml
DDI-MedLine.d179,,,DDICorpus/Test/Test for DDI Extraction task/MedLine/21796416.xml
DDI-MedLine.d161,,,DDICorpus/Test/Test for DDI Extraction task/MedLine/21705423.xml
DDI-MedLine.d143,,,DDICorpus/Test/Test for DDI Extraction task/MedLine/21771377.xml
DDI-MedLine.d185,,,DDICorpus/Test/Test for DDI Extraction task/MedLine/21706316.xml
DDI-MedLine.d211,,,DDICorpus/Test/Test for DDI Extraction task/MedLine/21825263.xml
DDI-MedLine.d193,,,DDICorpus/Test/Test for DDI Extraction task/MedLine/21897348.xml
DDI-MedLine.d216,,,DDICorpus/Test/Test for DDI Extraction task/MedLine/21716267.xml
DDI-MedLine.d166,,,DDICorpus/Test/Test for DDI Extraction task/MedLine/21762640.xml
DDI-MedLine.d218,,,DDICorpus/Test/Test for DDI Extraction task/MedLine/21731754.xml
DDI-MedLine.d154,,,DDICorpus/Test/Test for DDI Extraction task/MedLine/21844260.xml
DDI-MedLine.d169,,,DDICorpus/Test/Test for DDI Extraction task/MedLine/21795430.xml
DDI-MedLine.d184,,,DDICorpus/Test/Test for DDI Extraction task/MedLine/21753255.xml
DDI-MedLine.d163,,,DDICorpus/Test/Test for DDI Extraction task/MedLine/21772306.xml
DDI-MedLine.d164,,,DDICorpus/Test/Test for DDI Extraction task/MedLine/21868551.xml
DDI-MedLine.d195,,,DDICorpus/Test/Test for DDI Extraction task/MedLine/22029226.xml
DDI-MedLine.d190,,,DDICorpus/Test/Test for DDI Extraction task/MedLine/21750604.xml
DDI-MedLine.d201,,,DDICorpus/Test/Test for DDI Extraction task/MedLine/21873163.xml
DDI-MedLine.d199,,,DDICorpus/Test/Test for DDI Extraction task/MedLine/21751692.xml
DDI-MedLine.d204,,,DDICorpus/Test/Test for DDI Extraction task/MedLine/21800506.xml
DDI-MedLine.d231,,,DDICorpus/Test/Test for DDI Extraction task/MedLine/21715267.xml
DDI-MedLine.d209,,,DDICorpus/Test/Test for DDI Extraction task/MedLine/21751753.xml
DDI-MedLine.d200,,,DDICorpus/Test/Test for DDI Extraction task/MedLine/21878082.xml
DDI-MedLine.d147,,,DDICorpus/Test/Test for DDI Extraction task/MedLine/21868520.xml
DDI-MedLine.d214,,,DDICorpus/Test/Test for DDI Extraction task/MedLine/21809690.xml
DDI-MedLine.d189,,,DDICorpus/Test/Test for DDI Extraction task/MedLine/21741958.xml
DDI-DrugBank.d765,,,DDICorpus/Test/Test for DDI Extraction task/DrugBank/Tolterodine.xml
DDI-DrugBank.d670,,,DDICorpus/Test/Test for DDI Extraction task/DrugBank/Paliperidone.xml
DDI-DrugBank.d784,,,DDICorpus/Test/Test for DDI Extraction task/DrugBank/Oxybutynin.xml
DDI-DrugBank.d717,,,DDICorpus/Test/Test for DDI Extraction task/DrugBank/Mitotane.xml
DDI-DrugBank.d669,,,DDICorpus/Test/Test for DDI Extraction task/DrugBank/Vancomycin.xml
DDI-DrugBank.d590,,,DDICorpus/Test/Test for DDI Extraction task/DrugBank/Ranitidine.xml
DDI-DrugBank.d702,,,DDICorpus/Test/Test for DDI Extraction task/DrugBank/Tiotropium.xml
DDI-DrugBank.d642,,,DDICorpus/Test/Test for DDI Extraction task/DrugBank/Tigecycline.xml
DDI-DrugBank.d615,,,DDICorpus/Test/Test for DDI Extraction task/DrugBank/Triprolidine.xml
DDI-DrugBank.d675,,,DDICorpus/Test/Test for DDI Extraction task/DrugBank/Methylergonovine.xml
DDI-DrugBank.d766,,,DDICorpus/Test/Test for DDI Extraction task/DrugBank/Trimetrexate.xml
DDI-DrugBank.d751,,,DDICorpus/Test/Test for DDI Extraction task/DrugBank/Tirofiban.xml
DDI-DrugBank.d770,,,DDICorpus/Test/Test for DDI Extraction task/DrugBank/Salmon Calcitonin.xml
DDI-DrugBank.d676,,,DDICorpus/Test/Test for DDI Extraction task/DrugBank/Procarbazine.xml
DDI-DrugBank.d581,,,DDICorpus/Test/Test for DDI Extraction task/DrugBank/Pegfilgrastim.xml
DDI-DrugBank.d735,,,DDICorpus/Test/Test for DDI Extraction task/DrugBank/Micafungin.xml
DDI-DrugBank.d756,,,DDICorpus/Test/Test for DDI Extraction task/DrugBank/Methotrimeprazine.xml
DDI-DrugBank.d775,,,DDICorpus/Test/Test for DDI Extraction task/DrugBank/Mivacurium.xml
DDI-DrugBank.d738,,,DDICorpus/Test/Test for DDI Extraction task/DrugBank/Solifenacin.xml
DDI-DrugBank.d573,,,DDICorpus/Test/Test for DDI Extraction task/DrugBank/Minoxidil.xml
DDI-DrugBank.d695,,,DDICorpus/Test/Test for DDI Extraction task/DrugBank/Miglustat.xml
DDI-DrugBank.d623,,,DDICorpus/Test/Test for DDI Extraction task/DrugBank/Medroxyprogesterone.xml
DDI-DrugBank.d736,,,DDICorpus/Test/Test for DDI Extraction task/DrugBank/Methyclothiazide.xml
DDI-DrugBank.d781,,,DDICorpus/Test/Test for DDI Extraction task/DrugBank/Perindopril.xml
DDI-DrugBank.d600,,,DDICorpus/Test/Test for DDI Extraction task/DrugBank/Methyprylon.xml
DDI-DrugBank.d687,,,DDICorpus/Test/Test for DDI Extraction task/DrugBank/Temozolomide.xml
DDI-DrugBank.d575,,,DDICorpus/Test/Test for DDI Extraction task/DrugBank/Teniposide.xml
DDI-DrugBank.d634,,,DDICorpus/Test/Test for DDI Extraction task/DrugBank/Methimazole.xml
DDI-DrugBank.d671,,,DDICorpus/Test/Test for DDI Extraction task/DrugBank/Pemoline.xml
DDI-DrugBank.d588,,,DDICorpus/Test/Test for DDI Extraction task/DrugBank/Metolazone.xml
DDI-DrugBank.d585,,,DDICorpus/Test/Test for DDI Extraction task/DrugBank/Mepenzolate.xml
DDI-DrugBank.d591,,,DDICorpus/Test/Test for DDI Extraction task/DrugBank/Ropivacaine.xml
DDI-DrugBank.d577,,,DDICorpus/Test/Test for DDI Extraction task/DrugBank/Sulfamethoxazole.xml
DDI-DrugBank.d722,,,DDICorpus/Test/Test for DDI Extraction task/DrugBank/Thioguanine.xml
DDI-DrugBank.d604,,,DDICorpus/Test/Test for DDI Extraction task/DrugBank/Thalidomide.xml
DDI-DrugBank.d706,,,DDICorpus/Test/Test for DDI Extraction task/DrugBank/Metoprolol.xml
DDI-DrugBank.d690,,,DDICorpus/Test/Test for DDI Extraction task/DrugBank/Propoxyphene.xml
DDI-DrugBank.d739,,,DDICorpus/Test/Test for DDI Extraction task/DrugBank/Montelukast.xml
DDI-DrugBank.d737,,,DDICorpus/Test/Test for DDI Extraction task/DrugBank/Pramipexole.xml
DDI-DrugBank.d680,,,DDICorpus/Test/Test for DDI Extraction task/DrugBank/Pantoprazole.xml
DDI-DrugBank.d723,,,DDICorpus/Test/Test for DDI Extraction task/DrugBank/Suprofen.xml
DDI-DrugBank.d716,,,DDICorpus/Test/Test for DDI Extraction task/DrugBank/Mazindol.xml
DDI-DrugBank.d610,,,DDICorpus/Test/Test for DDI Extraction task/DrugBank/Abacavir.xml
DDI-DrugBank.d682,,,DDICorpus/Test/Test for DDI Extraction task/DrugBank/Sulfoxone.xml
DDI-DrugBank.d677,,,DDICorpus/Test/Test for DDI Extraction task/DrugBank/Thiethylperazine.xml
DDI-DrugBank.d688,,,DDICorpus/Test/Test for DDI Extraction task/DrugBank/Megestrol.xml
DDI-DrugBank.d647,,,DDICorpus/Test/Test for DDI Extraction task/DrugBank/Streptozocin.xml
DDI-DrugBank.d746,,,DDICorpus/Test/Test for DDI Extraction task/DrugBank/Metaraminol.xml
DDI-DrugBank.d699,,,DDICorpus/Test/Test for DDI Extraction task/DrugBank/Mequitazine.xml
DDI-DrugBank.d601,,,DDICorpus/Test/Test for DDI Extraction task/DrugBank/Secobarbital.xml
DDI-DrugBank.d649,,,DDICorpus/Test/Test for DDI Extraction task/DrugBank/Sulfamethizole.xml
DDI-DrugBank.d773,,,DDICorpus/Test/Test for DDI Extraction task/DrugBank/Tenecteplase.xml
DDI-DrugBank.d710,,,DDICorpus/Test/Test for DDI Extraction task/DrugBank/Rimantadine.xml
DDI-DrugBank.d598,,,DDICorpus/Test/Test for DDI Extraction task/DrugBank/Trimethoprim.xml
DDI-DrugBank.d627,,,DDICorpus/Test/Test for DDI Extraction task/DrugBank/Pilocarpine.xml
DDI-DrugBank.d578,,,DDICorpus/Test/Test for DDI Extraction task/DrugBank/Methylprednisolone.xml
DDI-DrugBank.d652,,,DDICorpus/Test/Test for DDI Extraction task/DrugBank/Metoclopramide.xml
DDI-DrugBank.d725,,,DDICorpus/Test/Test for DDI Extraction task/DrugBank/Phenylephrine.xml
DDI-DrugBank.d655,,,DDICorpus/Test/Test for DDI Extraction task/DrugBank/Methylscopolamine.xml
DDI-DrugBank.d632,,,DDICorpus/Test/Test for DDI Extraction task/DrugBank/Pramlintide.xml
DDI-DrugBank.d579,,,DDICorpus/Test/Test for DDI Extraction task/DrugBank/Mecamylamine.xml
DDI-DrugBank.d629,,,DDICorpus/Test/Test for DDI Extraction task/DrugBank/Metronidazole.xml
DDI-DrugBank.d750,,,DDICorpus/Test/Test for DDI Extraction task/DrugBank/Phentermine.xml
DDI-DrugBank.d635,,,DDICorpus/Test/Test for DDI Extraction task/DrugBank/Pirbuterol.xml
DDI-DrugBank.d613,,,DDICorpus/Test/Test for DDI Extraction task/DrugBank/Vigabatrin.xml
DDI-DrugBank.d780,,,DDICorpus/Test/Test for DDI Extraction task/DrugBank/Procaine.xml
DDI-DrugBank.d639,,,DDICorpus/Test/Test for DDI Extraction task/DrugBank/Sunitinib.xml
DDI-DrugBank.d653,,,DDICorpus/Test/Test for DDI Extraction task/DrugBank/Prednisone.xml
DDI-DrugBank.d697,,,DDICorpus/Test/Test for DDI Extraction task/DrugBank/Thiamine.xml
DDI-DrugBank.d596,,,DDICorpus/Test/Test for DDI Extraction task/DrugBank/Rivastigmine.xml
DDI-DrugBank.d743,,,DDICorpus/Test/Test for DDI Extraction task/DrugBank/Terfenadine.xml
DDI-DrugBank.d602,,,DDICorpus/Test/Test for DDI Extraction task/DrugBank/Sorafenib.xml
DDI-DrugBank.d741,,,DDICorpus/Test/Test for DDI Extraction task/DrugBank/Peginterferon alfa-2b.xml
DDI-DrugBank.d633,,,DDICorpus/Test/Test for DDI Extraction task/DrugBank/Mexiletine.xml
DDI-DrugBank.d757,,,DDICorpus/Test/Test for DDI Extraction task/DrugBank/Pentazocine.xml
DDI-DrugBank.d686,,,DDICorpus/Test/Test for DDI Extraction task/DrugBank/Thiabendazole.xml
DDI-DrugBank.d631,,,DDICorpus/Test/Test for DDI Extraction task/DrugBank/Pyrimethamine.xml
DDI-DrugBank.d783,,,DDICorpus/Test/Test for DDI Extraction task/DrugBank/Mibefradil.xml
DDI-DrugBank.d774,,,DDICorpus/Test/Test for DDI Extraction task/DrugBank/Trilostane.xml
DDI-DrugBank.d641,,,DDICorpus/Test/Test for DDI Extraction task/DrugBank/Pemetrexed.xml
DDI-DrugBank.d638,,,DDICorpus/Test/Test for DDI Extraction task/DrugBank/Methylphenidate.xml
DDI-DrugBank.d769,,,DDICorpus/Test/Test for DDI Extraction task/DrugBank/Vorinostat.xml
DDI-DrugBank.d728,,,DDICorpus/Test/Test for DDI Extraction task/DrugBank/Oxaliplatin.xml
DDI-DrugBank.d761,,,DDICorpus/Test/Test for DDI Extraction task/DrugBank/Orlistat.xml
DDI-DrugBank.d645,,,DDICorpus/Test/Test for DDI Extraction task/DrugBank/Terbinafine.xml
DDI-DrugBank.d576,,,DDICorpus/Test/Test for DDI Extraction task/DrugBank/Salsalate.xml
DDI-DrugBank.d666,,,DDICorpus/Test/Test for DDI Extraction task/DrugBank/Pindolol.xml
DDI-DrugBank.d668,,,DDICorpus/Test/Test for DDI Extraction task/DrugBank/Mifepristone.xml
DDI-DrugBank.d618,,,DDICorpus/Test/Test for DDI Extraction task/DrugBank/Reteplase.xml
DDI-DrugBank.d619,,,DDICorpus/Test/Test for DDI Extraction task/DrugBank/Selegiline.xml
DDI-DrugBank.d616,,,DDICorpus/Test/Test for DDI Extraction task/DrugBank/Thymalfasin.xml
DDI-DrugBank.d715,,,DDICorpus/Test/Test for DDI Extraction task/DrugBank/Metyrosine.xml
DDI-DrugBank.d678,,,DDICorpus/Test/Test for DDI Extraction task/DrugBank/Metyrapone.xml
DDI-DrugBank.d650,,,DDICorpus/Test/Test for DDI Extraction task/DrugBank/Pergolide.xml
DDI-DrugBank.d654,,,DDICorpus/Test/Test for DDI Extraction task/DrugBank/Retapamulin.xml
DDI-DrugBank.d726,,,DDICorpus/Test/Test for DDI Extraction task/DrugBank/Paricalcitol.xml
DDI-DrugBank.d630,,,DDICorpus/Test/Test for DDI Extraction task/DrugBank/Methazolamide.xml
DDI-DrugBank.d704,,,DDICorpus/Test/Test for DDI Extraction task/DrugBank/Tamsulosin.xml
DDI-DrugBank.d599,,,DDICorpus/Test/Test for DDI Extraction task/DrugBank/Somatropin recombinant.xml
DDI-DrugBank.d758,,,DDICorpus/Test/Test for DDI Extraction task/DrugBank/Oxycodone.xml
DDI-DrugBank.d637,,,DDICorpus/Test/Test for DDI Extraction task/DrugBank/Morphine.xml
DDI-DrugBank.d720,,,DDICorpus/Test/Test for DDI Extraction task/DrugBank/Sumatriptan.xml
DDI-DrugBank.d700,,,DDICorpus/Test/Test for DDI Extraction task/DrugBank/Mycophenolic acid.xml
DDI-DrugBank.d656,,,DDICorpus/Test/Test for DDI Extraction task/DrugBank/Piroxicam.xml
DDI-DrugBank.d689,,,DDICorpus/Test/Test for DDI Extraction task/DrugBank/Phenylpropanolamine.xml
DDI-DrugBank.d744,,,DDICorpus/Test/Test for DDI Extraction task/DrugBank/Pegvisomant.xml
DDI-DrugBank.d694,,,DDICorpus/Test/Test for DDI Extraction task/DrugBank/Sitagliptin.xml
DDI-DrugBank.d759,,,DDICorpus/Test/Test for DDI Extraction task/DrugBank/Vitamin C.xml
DDI-DrugBank.d782,,,DDICorpus/Test/Test for DDI Extraction task/DrugBank/Vindesine.xml
DDI-DrugBank.d640,,,DDICorpus/Test/Test for DDI Extraction task/DrugBank/Moexipril.xml
DDI-DrugBank.d643,,,DDICorpus/Test/Test for DDI Extraction task/DrugBank/Melatonin.xml
DDI-DrugBank.d742,,,DDICorpus/Test/Test for DDI Extraction task/DrugBank/Mirtazapine.xml
DDI-DrugBank.d703,,,DDICorpus/Test/Test for DDI Extraction task/DrugBank/Meperidine.xml
DDI-DrugBank.d665,,,DDICorpus/Test/Test for DDI Extraction task/DrugBank/Penicillin G.xml
DDI-DrugBank.d651,,,DDICorpus/Test/Test for DDI Extraction task/DrugBank/Vitamin A.xml
DDI-DrugBank.d732,,,DDICorpus/Test/Test for DDI Extraction task/DrugBank/Succimer.xml
DDI-DrugBank.d779,,,DDICorpus/Test/Test for DDI Extraction task/DrugBank/Methyldopa.xml
DDI-DrugBank.d595,,,DDICorpus/Test/Test for DDI Extraction task/DrugBank/Sodium bicarbonate.xml
DDI-DrugBank.d721,,,DDICorpus/Test/Test for DDI Extraction task/DrugBank/Tiludronate.xml
DDI-DrugBank.d747,,,DDICorpus/Test/Test for DDI Extraction task/DrugBank/Oxacillin.xml
DDI-DrugBank.d771,,,DDICorpus/Test/Test for DDI Extraction task/DrugBank/Scopolamine.xml
DDI-DrugBank.d628,,,DDICorpus/Test/Test for DDI Extraction task/DrugBank/Propofol.xml
DDI-DrugBank.d608,,,DDICorpus/Test/Test for DDI Extraction task/DrugBank/Tolmetin.xml
DDI-DrugBank.d734,,,DDICorpus/Test/Test for DDI Extraction task/DrugBank/Prochlorperazine.xml
DDI-DrugBank.d624,,,DDICorpus/Test/Test for DDI Extraction task/DrugBank/Tobramycin.xml
DDI-DrugBank.d609,,,DDICorpus/Test/Test for DDI Extraction task/DrugBank/Rosiglitazone.xml
DDI-DrugBank.d648,,,DDICorpus/Test/Test for DDI Extraction task/DrugBank/Raloxifene.xml
DDI-DrugBank.d762,,,DDICorpus/Test/Test for DDI Extraction task/DrugBank/Meropenem.xml
DDI-DrugBank.d611,,,DDICorpus/Test/Test for DDI Extraction task/DrugBank/Orciprenaline.xml
DDI-DrugBank.d661,,,DDICorpus/Test/Test for DDI Extraction task/DrugBank/Rocuronium.xml
DDI-DrugBank.d763,,,DDICorpus/Test/Test for DDI Extraction task/DrugBank/Ondansetron.xml
DDI-DrugBank.d712,,,DDICorpus/Test/Test for DDI Extraction task/DrugBank/Trastuzumab.xml
DDI-DrugBank.d709,,,DDICorpus/Test/Test for DDI Extraction task/DrugBank/Roxithromycin.xml
DDI-DrugBank.d636,,,DDICorpus/Test/Test for DDI Extraction task/DrugBank/Mephenytoin.xml
DDI-DrugBank.d777,,,DDICorpus/Test/Test for DDI Extraction task/DrugBank/Streptokinase.xml
DDI-DrugBank.d606,,,DDICorpus/Test/Test for DDI Extraction task/DrugBank/Pseudoephedrine.xml
DDI-DrugBank.d711,,,DDICorpus/Test/Test for DDI Extraction task/DrugBank/Minocycline.xml
DDI-DrugBank.d713,,,DDICorpus/Test/Test for DDI Extraction task/DrugBank/Trospium.xml
DDI-DrugBank.d625,,,DDICorpus/Test/Test for DDI Extraction task/DrugBank/Melphalan.xml
DDI-DrugBank.d752,,,DDICorpus/Test/Test for DDI Extraction task/DrugBank/Midazolam.xml
DDI-DrugBank.d607,,,DDICorpus/Test/Test for DDI Extraction task/DrugBank/Sargramostim.xml
DDI-DrugBank.d776,,,DDICorpus/Test/Test for DDI Extraction task/DrugBank/Fluconazole.xml
DDI-DrugBank.d659,,,DDICorpus/Test/Test for DDI Extraction task/DrugBank/Pentoxifylline.xml
DDI-DrugBank.d597,,,DDICorpus/Test/Test for DDI Extraction task/DrugBank/Meloxicam.xml
DDI-DrugBank.d603,,,DDICorpus/Test/Test for DDI Extraction task/DrugBank/Midodrine.xml
DDI-DrugBank.d679,,,DDICorpus/Test/Test for DDI Extraction task/DrugBank/Mebendazole.xml
DDI-DrugBank.d698,,,DDICorpus/Test/Test for DDI Extraction task/DrugBank/Riboflavin.xml
DDI-DrugBank.d753,,,DDICorpus/Test/Test for DDI Extraction task/DrugBank/Oxymorphone.xml
DDI-DrugBank.d587,,,DDICorpus/Test/Test for DDI Extraction task/DrugBank/Methsuximide.xml
DDI-DrugBank.d622,,,DDICorpus/Test/Test for DDI Extraction task/DrugBank/Pralidoxime.xml
DDI-DrugBank.d693,,,DDICorpus/Test/Test for DDI Extraction task/DrugBank/Sulfasalazine.xml
DDI-DrugBank.d584,,,DDICorpus/Test/Test for DDI Extraction task/DrugBank/Oxandrolone.xml
DDI-DrugBank.d696,,,DDICorpus/Test/Test for DDI Extraction task/DrugBank/Methysergide.xml
DDI-DrugBank.d727,,,DDICorpus/Test/Test for DDI Extraction task/DrugBank/Stavudine.xml
DDI-DrugBank.d658,,,DDICorpus/Test/Test for DDI Extraction task/DrugBank/Testolactone.xml
DDI-DrugBank.d572,,,DDICorpus/Test/Test for DDI Extraction task/DrugBank/Ezetimibe.xml
DDI-DrugBank.d580,,,DDICorpus/Test/Test for DDI Extraction task/DrugBank/Mometasone.xml
DDI-DrugBank.d605,,,DDICorpus/Test/Test for DDI Extraction task/DrugBank/Metaxalone.xml
DDI-MedLine.d69,,,DDICorpus/Train/MedLine/10978746.xml
DDI-MedLine.d141,,,DDICorpus/Train/MedLine/11197767.xml
DDI-MedLine.d125,,,DDICorpus/Train/MedLine/11170315.xml
DDI-MedLine.d63,,,DDICorpus/Train/MedLine/3155550.xml
DDI-MedLine.d33,,,DDICorpus/Train/MedLine/8996605.xml
DDI-MedLine.d136,,,DDICorpus/Train/MedLine/8682269.xml
DDI-MedLine.d118,,,DDICorpus/Train/MedLine/16649344.xml
DDI-MedLine.d34,,,DDICorpus/Train/MedLine/7599505.xml
DDI-MedLine.d48,,,DDICorpus/Train/MedLine/10978751.xml
DDI-MedLine.d47,,,DDICorpus/Train/MedLine/11152438.xml
DDI-MedLine.d113,,,DDICorpus/Train/MedLine/9120829.xml
DDI-MedLine.d7,,,DDICorpus/Train/MedLine/3967572.xml
DDI-MedLine.d39,,,DDICorpus/Train/MedLine/7600639.xml
DDI-MedLine.d116,,,DDICorpus/Train/MedLine/1115445.xml
DDI-MedLine.d121,,,DDICorpus/Train/MedLine/7780789.xml
DDI-MedLine.d37,,,DDICorpus/Train/MedLine/8619063.xml
DDI-MedLine.d137,,,DDICorpus/Train/MedLine/11206417.xml
DDI-MedLine.d20,,,DDICorpus/Train/MedLine/7794883.xml
DDI-MedLine.d83,,,DDICorpus/Train/MedLine/11217867.xml
DDI-MedLine.d99,,,DDICorpus/Train/MedLine/11180037.xml
DDI-MedLine.d30,,,DDICorpus/Train/MedLine/3968644.xml
DDI-MedLine.d84,,,DDICorpus/Train/MedLine/10319155.xml
DDI-MedLine.d86,,,DDICorpus/Train/MedLine/11180036.xml
DDI-MedLine.d129,,,DDICorpus/Train/MedLine/11178969.xml
DDI-MedLine.d114,,,DDICorpus/Train/MedLine/11137703.xml
DDI-MedLine.d6,,,DDICorpus/Train/MedLine/7744123.xml
DDI-MedLine.d11,,,DDICorpus/Train/MedLine/7635041.xml
DDI-MedLine.d56,,,DDICorpus/Train/MedLine/2857198.xml
DDI-MedLine.d82,,,DDICorpus/Train/MedLine/2981680.xml
DDI-MedLine.d96,,,DDICorpus/Train/MedLine/3871459.xml
DDI-MedLine.d65,,,DDICorpus/Train/MedLine/1115721.xml
DDI-MedLine.d53,,,DDICorpus/Train/MedLine/7654327.xml
DDI-MedLine.d0,,,DDICorpus/Train/MedLine/11199955.xml
DDI-MedLine.d104,,,DDICorpus/Train/MedLine/11085328.xml
DDI-MedLine.d101,,,DDICorpus/Train/MedLine/11172561.xml
DDI-MedLine.d112,,,DDICorpus/Train/MedLine/11152855.xml
DDI-MedLine.d28,,,DDICorpus/Train/MedLine/11160777.xml
DDI-MedLine.d36,,,DDICorpus/Train/MedLine/11134454.xml
DDI-MedLine.d108,,,DDICorpus/Train/MedLine/8640374.xml
DDI-MedLine.d50,,,DDICorpus/Train/MedLine/1089817.xml
DDI-MedLine.d88,,,DDICorpus/Train/MedLine/17894105.xml
DDI-MedLine.d66,,,DDICorpus/Train/MedLine/6443625.xml
DDI-MedLine.d61,,,DDICorpus/Train/MedLine/3964797.xml
DDI-MedLine.d54,,,DDICorpus/Train/MedLine/6536292.xml
DDI-MedLine.d15,,,DDICorpus/Train/MedLine/2857100.xml
DDI-MedLine.d139,,,DDICorpus/Train/MedLine/2857499.xml
DDI-MedLine.d13,,,DDICorpus/Train/MedLine/1089034.xml
DDI-MedLine.d55,,,DDICorpus/Train/MedLine/3969689.xml
DDI-MedLine.d75,,,DDICorpus/Train/MedLine/11121884.xml
DDI-MedLine.d57,,,DDICorpus/Train/MedLine/2578597.xml
DDI-MedLine.d68,,,DDICorpus/Train/MedLine/7756965.xml
DDI-MedLine.d85,,,DDICorpus/Train/MedLine/3966974.xml
DDI-MedLine.d35,,,DDICorpus/Train/MedLine/11198959.xml
DDI-MedLine.d127,,,DDICorpus/Train/MedLine/1109556.xml
DDI-MedLine.d19,,,DDICorpus/Train/MedLine/1115340.xml
DDI-MedLine.d9,,,DDICorpus/Train/MedLine/3881917.xml
DDI-MedLine.d105,,,DDICorpus/Train/MedLine/11210404.xml
DDI-MedLine.d60,,,DDICorpus/Train/MedLine/11206048.xml
DDI-MedLine.d4,,,DDICorpus/Train/MedLine/7756960.xml
DDI-MedLine.d87,,,DDICorpus/Train/MedLine/11180040.xml
DDI-MedLine.d115,,,DDICorpus/Train/MedLine/11148572.xml
DDI-MedLine.d38,,,DDICorpus/Train/MedLine/11271411.xml
DDI-MedLine.d27,,,DDICorpus/Train/MedLine/2857099.xml
DDI-MedLine.d51,,,DDICorpus/Train/MedLine/7746025.xml
DDI-MedLine.d62,,,DDICorpus/Train/MedLine/11085305.xml
DDI-MedLine.d135,,,DDICorpus/Train/MedLine/11114408.xml
DDI-MedLine.d124,,,DDICorpus/Train/MedLine/11210403.xml
DDI-MedLine.d93,,,DDICorpus/Train/MedLine/6536282.xml
DDI-MedLine.d40,,,DDICorpus/Train/MedLine/15825399.xml
DDI-MedLine.d10,,,DDICorpus/Train/MedLine/16649322.xml
DDI-MedLine.d32,,,DDICorpus/Train/MedLine/11219023.xml
DDI-MedLine.d80,,,DDICorpus/Train/MedLine/10226677.xml
DDI-MedLine.d24,,,DDICorpus/Train/MedLine/6545279.xml
DDI-MedLine.d81,,,DDICorpus/Train/MedLine/6537219.xml
DDI-MedLine.d111,,,DDICorpus/Train/MedLine/11206047.xml
DDI-MedLine.d3,,,DDICorpus/Train/MedLine/11158747.xml
DDI-MedLine.d90,,,DDICorpus/Train/MedLine/8542840.xml
DDI-MedLine.d110,,,DDICorpus/Train/MedLine/11085336.xml
DDI-MedLine.d100,,,DDICorpus/Train/MedLine/2982252.xml
DDI-MedLine.d46,,,DDICorpus/Train/MedLine/11213850.xml
DDI-MedLine.d133,,,DDICorpus/Train/MedLine/11125235.xml
DDI-MedLine.d31,,,DDICorpus/Train/MedLine/3881076.xml
DDI-MedLine.d117,,,DDICorpus/Train/MedLine/11125022.xml
DDI-MedLine.d41,,,DDICorpus/Train/MedLine/4469683.xml
DDI-MedLine.d17,,,DDICorpus/Train/MedLine/1113260.xml
DDI-MedLine.d89,,,DDICorpus/Train/MedLine/7632757.xml
DDI-MedLine.d98,,,DDICorpus/Train/MedLine/11085333.xml
DDI-MedLine.d2,,,DDICorpus/Train/MedLine/6100240.xml
DDI-MedLine.d71,,,DDICorpus/Train/MedLine/7476793.xml
DDI-MedLine.d74,,,DDICorpus/Train/MedLine/1116650.xml
DDI-MedLine.d5,,,DDICorpus/Train/MedLine/46730.xml
DDI-MedLine.d64,,,DDICorpus/Train/MedLine/11211460.xml
DDI-MedLine.d58,,,DDICorpus/Train/MedLine/11137351.xml
DDI-MedLine.d109,,,DDICorpus/Train/MedLine/11144988.xml
DDI-MedLine.d52,,,DDICorpus/Train/MedLine/11181395.xml
DDI-MedLine.d79,,,DDICorpus/Train/MedLine/11120981.xml
DDI-MedLine.d21,,,DDICorpus/Train/MedLine/11151029.xml
DDI-MedLine.d45,,,DDICorpus/Train/MedLine/3918122.xml
DDI-MedLine.d16,,,DDICorpus/Train/MedLine/1115367.xml
DDI-MedLine.d120,,,DDICorpus/Train/MedLine/15825391.xml
DDI-MedLine.d12,,,DDICorpus/Train/MedLine/3881461.xml
DDI-MedLine.d26,,,DDICorpus/Train/MedLine/10959916.xml
DDI-MedLine.d134,,,DDICorpus/Train/MedLine/163470.xml
DDI-MedLine.d130,,,DDICorpus/Train/MedLine/4038510.xml
DDI-MedLine.d132,,,DDICorpus/Train/MedLine/11217868.xml
DDI-MedLine.d91,,,DDICorpus/Train/MedLine/6100190.xml
DDI-MedLine.d140,,,DDICorpus/Train/MedLine/11180038.xml
DDI-MedLine.d1,,,DDICorpus/Train/MedLine/11213561.xml
DDI-MedLine.d123,,,DDICorpus/Train/MedLine/11206187.xml
DDI-MedLine.d49,,,DDICorpus/Train/MedLine/15825309.xml
DDI-MedLine.d107,,,DDICorpus/Train/MedLine/7653281.xml
DDI-MedLine.d138,,,DDICorpus/Train/MedLine/1167797.xml
DDI-MedLine.d126,,,DDICorpus/Train/MedLine/11137320.xml
DDI-MedLine.d43,,,DDICorpus/Train/MedLine/2578306.xml
DDI-MedLine.d8,,,DDICorpus/Train/MedLine/11137650.xml
DDI-MedLine.d18,,,DDICorpus/Train/MedLine/11064383.xml
DDI-MedLine.d122,,,DDICorpus/Train/MedLine/15986716.xml
DDI-MedLine.d59,,,DDICorpus/Train/MedLine/11121387.xml
DDI-MedLine.d102,,,DDICorpus/Train/MedLine/11213358.xml
DDI-MedLine.d22,,,DDICorpus/Train/MedLine/2981704.xml
DDI-MedLine.d42,,,DDICorpus/Train/MedLine/11219477.xml
DDI-MedLine.d73,,,DDICorpus/Train/MedLine/3871245.xml
DDI-MedLine.d77,,,DDICorpus/Train/MedLine/1109299.xml
DDI-MedLine.d95,,,DDICorpus/Train/MedLine/11115418.xml
DDI-MedLine.d97,,,DDICorpus/Train/MedLine/7496198.xml
DDI-MedLine.d23,,,DDICorpus/Train/MedLine/1167743.xml
DDI-MedLine.d103,,,DDICorpus/Train/MedLine/7786695.xml
DDI-MedLine.d72,,,DDICorpus/Train/MedLine/11218973.xml
DDI-MedLine.d76,,,DDICorpus/Train/MedLine/11154900.xml
DDI-MedLine.d67,,,DDICorpus/Train/MedLine/11210678.xml
DDI-MedLine.d70,,,DDICorpus/Train/MedLine/11197768.xml
DDI-MedLine.d25,,,DDICorpus/Train/MedLine/11197581.xml
DDI-MedLine.d94,,,DDICorpus/Train/MedLine/7798493.xml
DDI-MedLine.d78,,,DDICorpus/Train/MedLine/10150268.xml
DDI-MedLine.d92,,,DDICorpus/Train/MedLine/11155575.xml
DDI-MedLine.d131,,,DDICorpus/Train/MedLine/6545985.xml
DDI-MedLine.d128,,,DDICorpus/Train/MedLine/7625885.xml
DDI-MedLine.d119,,,DDICorpus/Train/MedLine/19489169.xml
DDI-MedLine.d44,,,DDICorpus/Train/MedLine/11166779.xml
DDI-MedLine.d106,,,DDICorpus/Train/MedLine/1109248.xml
DDI-MedLine.d14,,,DDICorpus/Train/MedLine/8521984.xml
DDI-MedLine.d29,,,DDICorpus/Train/MedLine/15830476.xml
DDI-DrugBank.d481,,,DDICorpus/Train/DrugBank/Estramustine_ddi.xml
DDI-DrugBank.d419,,,DDICorpus/Train/DrugBank/Clavulanate_ddi.xml
DDI-DrugBank.d496,,,DDICorpus/Train/DrugBank/Epoetin alfa_ddi.xml
DDI-DrugBank.d234,,,DDICorpus/Train/DrugBank/Flumazenil_ddi.xml
DDI-DrugBank.d470,,,DDICorpus/Train/DrugBank/Arsenic trioxide_ddi.xml
DDI-DrugBank.d67,,,DDICorpus/Train/DrugBank/Desloratadine_ddi.xml
DDI-DrugBank.d278,,,DDICorpus/Train/DrugBank/Eptifibatide_ddi.xml
DDI-DrugBank.d526,,,DDICorpus/Train/DrugBank/Fludrocortisone_ddi.xml
DDI-DrugBank.d181,,,DDICorpus/Train/DrugBank/Dinoprost Tromethamine_ddi.xml
DDI-DrugBank.d187,,,DDICorpus/Train/DrugBank/Isoniazid_ddi.xml
DDI-DrugBank.d323,,,DDICorpus/Train/DrugBank/Botulinum Toxin Type B_ddi.xml
DDI-DrugBank.d289,,,DDICorpus/Train/DrugBank/Bosentan_ddi.xml
DDI-DrugBank.d5,,,DDICorpus/Train/DrugBank/Bupropion_ddi.xml
DDI-DrugBank.d297,,,DDICorpus/Train/DrugBank/Abatacept_ddi.xml
DDI-DrugBank.d41,,,DDICorpus/Train/DrugBank/Leflunomide_ddi.xml
DDI-DrugBank.d274,,,DDICorpus/Train/DrugBank/Dobutamine_ddi.xml
DDI-DrugBank.d488,,,DDICorpus/Train/DrugBank/Heparin_ddi.xml
DDI-DrugBank.d202,,,DDICorpus/Train/DrugBank/Nortriptyline_ddi.xml
DDI-DrugBank.d138,,,DDICorpus/Train/DrugBank/Brimonidine_ddi.xml
DDI-DrugBank.d283,,,DDICorpus/Train/DrugBank/Fenofibrate_ddi.xml
DDI-DrugBank.d459,,,DDICorpus/Train/DrugBank/Darifenacin_ddi.xml
DDI-DrugBank.d188,,,DDICorpus/Train/DrugBank/Altretamine_ddi.xml
DDI-DrugBank.d563,,,DDICorpus/Train/DrugBank/Amifostine_ddi.xml
DDI-DrugBank.d277,,,DDICorpus/Train/DrugBank/Tiagabine_ddi.xml
DDI-DrugBank.d179,,,DDICorpus/Train/DrugBank/Sulfapyridine_ddi.xml
DDI-DrugBank.d156,,,DDICorpus/Train/DrugBank/Epinastine_ddi.xml
DDI-DrugBank.d562,,,DDICorpus/Train/DrugBank/Cinoxacin_ddi.xml
DDI-DrugBank.d78,,,DDICorpus/Train/DrugBank/Grepafloxacin_ddi.xml
DDI-DrugBank.d510,,,DDICorpus/Train/DrugBank/Glycopyrrolate_ddi.xml
DDI-DrugBank.d228,,,DDICorpus/Train/DrugBank/Fomepizole_ddi.xml
DDI-DrugBank.d155,,,DDICorpus/Train/DrugBank/Hydrocortisone_ddi.xml
DDI-DrugBank.d204,,,DDICorpus/Train/DrugBank/Nadolol_ddi.xml
DDI-DrugBank.d427,,,DDICorpus/Train/DrugBank/Nalidixic Acid_ddi.xml
DDI-DrugBank.d303,,,DDICorpus/Train/DrugBank/Cephalexin_ddi.xml
DDI-DrugBank.d194,,,DDICorpus/Train/DrugBank/Etoposide_ddi.xml
DDI-DrugBank.d176,,,DDICorpus/Train/DrugBank/Fosinopril_ddi.xml
DDI-DrugBank.d13,,,DDICorpus/Train/DrugBank/Flupenthixol_ddi.xml
DDI-DrugBank.d250,,,DDICorpus/Train/DrugBank/Colistimethate_ddi.xml
DDI-DrugBank.d334,,,DDICorpus/Train/DrugBank/Lisinopril_ddi.xml
DDI-DrugBank.d559,,,DDICorpus/Train/DrugBank/Butalbital_ddi.xml
DDI-DrugBank.d421,,,DDICorpus/Train/DrugBank/Hexachlorophene_ddi.xml
DDI-DrugBank.d128,,,DDICorpus/Train/DrugBank/Cycloserine_ddi.xml
DDI-DrugBank.d324,,,DDICorpus/Train/DrugBank/Zaleplon_ddi.xml
DDI-DrugBank.d20,,,DDICorpus/Train/DrugBank/Eplerenone_ddi.xml
DDI-DrugBank.d314,,,DDICorpus/Train/DrugBank/Dexamethasone_ddi.xml
DDI-DrugBank.d453,,,DDICorpus/Train/DrugBank/Flucytosine_ddi.xml
DDI-DrugBank.d349,,,DDICorpus/Train/DrugBank/Crotamiton_ddi.xml
DDI-DrugBank.d308,,,DDICorpus/Train/DrugBank/Hydroxyzine_ddi.xml
DDI-DrugBank.d50,,,DDICorpus/Train/DrugBank/Goserelin_ddi.xml
DDI-DrugBank.d322,,,DDICorpus/Train/DrugBank/Clidinium_ddi.xml
DDI-DrugBank.d355,,,DDICorpus/Train/DrugBank/Fluoxymesterone_ddi.xml
DDI-DrugBank.d316,,,DDICorpus/Train/DrugBank/Felodipine_ddi.xml
DDI-DrugBank.d400,,,DDICorpus/Train/DrugBank/Mefenamic acid_ddi.xml
DDI-DrugBank.d132,,,DDICorpus/Train/DrugBank/Diflunisal_ddi.xml
DDI-DrugBank.d130,,,DDICorpus/Train/DrugBank/Lincomycin_ddi.xml
DDI-DrugBank.d116,,,DDICorpus/Train/DrugBank/Amantadine_ddi.xml
DDI-DrugBank.d205,,,DDICorpus/Train/DrugBank/Ethosuximide_ddi.xml
DDI-DrugBank.d60,,,DDICorpus/Train/DrugBank/Cisatracurium Besylate_ddi.xml
DDI-DrugBank.d460,,,DDICorpus/Train/DrugBank/Nateglinide_ddi.xml
DDI-DrugBank.d321,,,DDICorpus/Train/DrugBank/Albendazole_ddi.xml
DDI-DrugBank.d28,,,DDICorpus/Train/DrugBank/Glatiramer Acetate_ddi.xml
DDI-DrugBank.d465,,,DDICorpus/Train/DrugBank/Isosorbide Dinitrate_ddi.xml
DDI-DrugBank.d548,,,DDICorpus/Train/DrugBank/Duloxetine_ddi.xml
DDI-DrugBank.d438,,,DDICorpus/Train/DrugBank/Gabapentin_ddi.xml
DDI-DrugBank.d391,,,DDICorpus/Train/DrugBank/Clobetasol_ddi.xml
DDI-DrugBank.d455,,,DDICorpus/Train/DrugBank/Entacapone_ddi.xml
DDI-DrugBank.d379,,,DDICorpus/Train/DrugBank/Aminolevulinic acid_ddi.xml
DDI-DrugBank.d263,,,DDICorpus/Train/DrugBank/Zalcitabine_ddi.xml
DDI-DrugBank.d236,,,DDICorpus/Train/DrugBank/Dextroamphetamine_ddi.xml
DDI-DrugBank.d258,,,DDICorpus/Train/DrugBank/Loratadine_ddi.xml
DDI-DrugBank.d495,,,DDICorpus/Train/DrugBank/Clonidine_ddi.xml
DDI-DrugBank.d307,,,DDICorpus/Train/DrugBank/Oxcarbazepine_ddi.xml
DDI-DrugBank.d452,,,DDICorpus/Train/DrugBank/Dihydrotachysterol_ddi.xml
DDI-DrugBank.d454,,,DDICorpus/Train/DrugBank/Lofexidine_ddi.xml
DDI-DrugBank.d550,,,DDICorpus/Train/DrugBank/Cefditoren_ddi.xml
DDI-DrugBank.d222,,,DDICorpus/Train/DrugBank/Atropine_ddi.xml
DDI-DrugBank.d534,,,DDICorpus/Train/DrugBank/Darbepoetin alfa_ddi.xml
DDI-DrugBank.d502,,,DDICorpus/Train/DrugBank/Carteolol_ddi.xml
DDI-DrugBank.d152,,,DDICorpus/Train/DrugBank/Ethinyl Estradiol_ddi.xml
DDI-DrugBank.d124,,,DDICorpus/Train/DrugBank/Saquinavir_ddi.xml
DDI-DrugBank.d57,,,DDICorpus/Train/DrugBank/Kanamycin_ddi.xml
DDI-DrugBank.d353,,,DDICorpus/Train/DrugBank/Acitretin_ddi.xml
DDI-DrugBank.d445,,,DDICorpus/Train/DrugBank/Anidulafungin_ddi.xml
DDI-DrugBank.d69,,,DDICorpus/Train/DrugBank/Daunorubicin_ddi.xml
DDI-DrugBank.d148,,,DDICorpus/Train/DrugBank/Argatroban_ddi.xml
DDI-DrugBank.d210,,,DDICorpus/Train/DrugBank/Rofecoxib_ddi.xml
DDI-DrugBank.d282,,,DDICorpus/Train/DrugBank/Cabergoline_ddi.xml
DDI-DrugBank.d431,,,DDICorpus/Train/DrugBank/Lansoprazole_ddi.xml
DDI-DrugBank.d285,,,DDICorpus/Train/DrugBank/Desogestrel_ddi.xml
DDI-DrugBank.d359,,,DDICorpus/Train/DrugBank/Ethotoin_ddi.xml
DDI-DrugBank.d83,,,DDICorpus/Train/DrugBank/Griseofulvin_ddi.xml
DDI-DrugBank.d61,,,DDICorpus/Train/DrugBank/Nedocromil_ddi.xml
DDI-DrugBank.d260,,,DDICorpus/Train/DrugBank/Cidofovir_ddi.xml
DDI-DrugBank.d273,,,DDICorpus/Train/DrugBank/Alfuzosin_ddi.xml
DDI-DrugBank.d295,,,DDICorpus/Train/DrugBank/Entecavir_ddi.xml
DDI-DrugBank.d221,,,DDICorpus/Train/DrugBank/Coagulation factor VIIa_ddi.xml
DDI-DrugBank.d96,,,DDICorpus/Train/DrugBank/Dimenhydrinate_ddi.xml
DDI-DrugBank.d363,,,DDICorpus/Train/DrugBank/Desflurane_ddi.xml
DDI-DrugBank.d105,,,DDICorpus/Train/DrugBank/Ardeparin_ddi.xml
DDI-DrugBank.d98,,,DDICorpus/Train/DrugBank/Calcidiol_ddi.xml
DDI-DrugBank.d381,,,DDICorpus/Train/DrugBank/Levamisole_ddi.xml
DDI-DrugBank.d554,,,DDICorpus/Train/DrugBank/Bleomycin_ddi.xml
DDI-DrugBank.d233,,,DDICorpus/Train/DrugBank/Azathioprine_ddi.xml
DDI-DrugBank.d161,,,DDICorpus/Train/DrugBank/Gemcitabine_ddi.xml
DDI-DrugBank.d189,,,DDICorpus/Train/DrugBank/Levosimendan_ddi.xml
DDI-DrugBank.d568,,,DDICorpus/Train/DrugBank/Escitalopram_ddi.xml
DDI-DrugBank.d372,,,DDICorpus/Train/DrugBank/Aminoglutethimide_ddi.xml
DDI-DrugBank.d24,,,DDICorpus/Train/DrugBank/Benzocaine_ddi.xml
DDI-DrugBank.d501,,,DDICorpus/Train/DrugBank/Icodextrin_ddi.xml
DDI-DrugBank.d394,,,DDICorpus/Train/DrugBank/Nitroprusside_ddi.xml
DDI-DrugBank.d216,,,DDICorpus/Train/DrugBank/Eszopiclone_ddi.xml
DDI-DrugBank.d256,,,DDICorpus/Train/DrugBank/Clindamycin_ddi.xml
DDI-DrugBank.d103,,,DDICorpus/Train/DrugBank/Formoterol_ddi.xml
DDI-DrugBank.d515,,,DDICorpus/Train/DrugBank/Ifosfamide_ddi.xml
DDI-DrugBank.d87,,,DDICorpus/Train/DrugBank/Flecainide_ddi.xml
DDI-DrugBank.d6,,,DDICorpus/Train/DrugBank/Enflurane_ddi.xml
DDI-DrugBank.d215,,,DDICorpus/Train/DrugBank/Anileridine_ddi.xml
DDI-DrugBank.d410,,,DDICorpus/Train/DrugBank/Dihydroergotamine_ddi.xml
DDI-DrugBank.d102,,,DDICorpus/Train/DrugBank/Alclometasone_ddi.xml
DDI-DrugBank.d173,,,DDICorpus/Train/DrugBank/Bentoquatam_ddi.xml
DDI-DrugBank.d92,,,DDICorpus/Train/DrugBank/L-Glutamic Acid_ddi.xml
DDI-DrugBank.d275,,,DDICorpus/Train/DrugBank/Anakinra_ddi.xml
DDI-DrugBank.d185,,,DDICorpus/Train/DrugBank/Dapsone_ddi.xml
DDI-DrugBank.d340,,,DDICorpus/Train/DrugBank/Nelfinavir_ddi.xml
DDI-DrugBank.d15,,,DDICorpus/Train/DrugBank/Fondaparinux sodium_ddi.xml
DDI-DrugBank.d37,,,DDICorpus/Train/DrugBank/Nalbuphine_ddi.xml
DDI-DrugBank.d311,,,DDICorpus/Train/DrugBank/Deserpidine_ddi.xml
DDI-DrugBank.d119,,,DDICorpus/Train/DrugBank/Etomidate_ddi.xml
DDI-DrugBank.d21,,,DDICorpus/Train/DrugBank/Asparaginase_ddi.xml
DDI-DrugBank.d300,,,DDICorpus/Train/DrugBank/Laronidase_ddi.xml
DDI-DrugBank.d199,,,DDICorpus/Train/DrugBank/Fosfomycin_ddi.xml
DDI-DrugBank.d182,,,DDICorpus/Train/DrugBank/Denileukin diftitox_ddi.xml
DDI-DrugBank.d484,,,DDICorpus/Train/DrugBank/Etonogestrel_ddi.xml
DDI-DrugBank.d343,,,DDICorpus/Train/DrugBank/Clopidogrel_ddi.xml
DDI-DrugBank.d177,,,DDICorpus/Train/DrugBank/Nilutamide_ddi.xml
DDI-DrugBank.d333,,,DDICorpus/Train/DrugBank/Clonazepam_ddi.xml
DDI-DrugBank.d66,,,DDICorpus/Train/DrugBank/L-Glutamine_ddi.xml
DDI-DrugBank.d104,,,DDICorpus/Train/DrugBank/Fenfluramine_ddi.xml
DDI-DrugBank.d251,,,DDICorpus/Train/DrugBank/Delavirdine_ddi.xml
DDI-DrugBank.d360,,,DDICorpus/Train/DrugBank/Norgestimate_ddi.xml
DDI-DrugBank.d466,,,DDICorpus/Train/DrugBank/Fexofenadine_ddi.xml
DDI-DrugBank.d26,,,DDICorpus/Train/DrugBank/Hydromorphone_ddi.xml
DDI-DrugBank.d140,,,DDICorpus/Train/DrugBank/Atorvastatin_ddi.xml
DDI-DrugBank.d521,,,DDICorpus/Train/DrugBank/Glimepiride_ddi.xml
DDI-DrugBank.d214,,,DDICorpus/Train/DrugBank/Fluorouracil_ddi.xml
DDI-DrugBank.d23,,,DDICorpus/Train/DrugBank/Carboprost Tromethamine_ddi.xml
DDI-DrugBank.d231,,,DDICorpus/Train/DrugBank/Furosemide_ddi.xml
DDI-DrugBank.d113,,,DDICorpus/Train/DrugBank/Meclofenamic acid_ddi.xml
DDI-DrugBank.d129,,,DDICorpus/Train/DrugBank/Dromostanolone_ddi.xml
DDI-DrugBank.d383,,,DDICorpus/Train/DrugBank/Azelaic Acid_ddi.xml
DDI-DrugBank.d211,,,DDICorpus/Train/DrugBank/Ampicillin_ddi.xml
DDI-DrugBank.d137,,,DDICorpus/Train/DrugBank/Bepridil_ddi.xml
DDI-DrugBank.d261,,,DDICorpus/Train/DrugBank/Nafcillin_ddi.xml
DDI-DrugBank.d527,,,DDICorpus/Train/DrugBank/Insulin Glargine recombinant_ddi.xml
DDI-DrugBank.d47,,,DDICorpus/Train/DrugBank/Carbidopa_ddi.xml
DDI-DrugBank.d16,,,DDICorpus/Train/DrugBank/Hydroxyurea_ddi.xml
DDI-DrugBank.d112,,,DDICorpus/Train/DrugBank/Famciclovir_ddi.xml
DDI-DrugBank.d121,,,DDICorpus/Train/DrugBank/Cefprozil_ddi.xml
DDI-DrugBank.d8,,,DDICorpus/Train/DrugBank/Alfentanil_ddi.xml
DDI-DrugBank.d538,,,DDICorpus/Train/DrugBank/Diphenoxylate_ddi.xml
DDI-DrugBank.d84,,,DDICorpus/Train/DrugBank/Deferasirox_ddi.xml
DDI-DrugBank.d398,,,DDICorpus/Train/DrugBank/Guaifenesin_ddi.xml
DDI-DrugBank.d491,,,DDICorpus/Train/DrugBank/Alefacept_ddi.xml
DDI-DrugBank.d312,,,DDICorpus/Train/DrugBank/Bevacizumab_ddi.xml
DDI-DrugBank.d348,,,DDICorpus/Train/DrugBank/Desmopressin_ddi.xml
DDI-DrugBank.d566,,,DDICorpus/Train/DrugBank/Cholestyramine_ddi.xml
DDI-DrugBank.d94,,,DDICorpus/Train/DrugBank/Carbamazepine_ddi.xml
DDI-DrugBank.d76,,,DDICorpus/Train/DrugBank/Fluvoxamine_ddi.xml
DDI-DrugBank.d354,,,DDICorpus/Train/DrugBank/Nitazoxanide_ddi.xml
DDI-DrugBank.d40,,,DDICorpus/Train/DrugBank/Fosphenytoin_ddi.xml
DDI-DrugBank.d73,,,DDICorpus/Train/DrugBank/Atenolol_ddi.xml
DDI-DrugBank.d370,,,DDICorpus/Train/DrugBank/Adapalene_ddi.xml
DDI-DrugBank.d35,,,DDICorpus/Train/DrugBank/Icosapent_ddi.xml
DDI-DrugBank.d101,,,DDICorpus/Train/DrugBank/Cytarabine_ddi.xml
DDI-DrugBank.d318,,,DDICorpus/Train/DrugBank/Amphotericin B_ddi.xml
DDI-DrugBank.d38,,,DDICorpus/Train/DrugBank/Dexrazoxane_ddi.xml
DDI-DrugBank.d79,,,DDICorpus/Train/DrugBank/Lymecycline_ddi.xml
DDI-DrugBank.d241,,,DDICorpus/Train/DrugBank/Epoprostenol_ddi.xml
DDI-DrugBank.d95,,,DDICorpus/Train/DrugBank/L-Arginine_ddi.xml
DDI-DrugBank.d299,,,DDICorpus/Train/DrugBank/Almotriptan_ddi.xml
DDI-DrugBank.d71,,,DDICorpus/Train/DrugBank/Lamivudine_ddi.xml
DDI-DrugBank.d151,,,DDICorpus/Train/DrugBank/Leucovorin_ddi.xml
DDI-DrugBank.d458,,,DDICorpus/Train/DrugBank/Ketoconazole_ddi.xml
DDI-DrugBank.d33,,,DDICorpus/Train/DrugBank/Ceftizoxime_ddi.xml
DDI-DrugBank.d203,,,DDICorpus/Train/DrugBank/Famotidine_ddi.xml
DDI-DrugBank.d290,,,DDICorpus/Train/DrugBank/Alprostadil_ddi.xml
DDI-DrugBank.d487,,,DDICorpus/Train/DrugBank/Cortisone acetate_ddi.xml
DDI-DrugBank.d133,,,DDICorpus/Train/DrugBank/Botulinum Toxin Type A_ddi.xml
DDI-DrugBank.d142,,,DDICorpus/Train/DrugBank/Hyoscyamine_ddi.xml
DDI-DrugBank.d364,,,DDICorpus/Train/DrugBank/Alosetron_ddi.xml
DDI-DrugBank.d505,,,DDICorpus/Train/DrugBank/Dipyridamole_ddi.xml
DDI-DrugBank.d51,,,DDICorpus/Train/DrugBank/Ipratropium_ddi.xml
DDI-DrugBank.d186,,,DDICorpus/Train/DrugBank/Haloperidol_ddi.xml
DDI-DrugBank.d120,,,DDICorpus/Train/DrugBank/Diphenidol_ddi.xml
DDI-DrugBank.d367,,,DDICorpus/Train/DrugBank/Doxazosin_ddi.xml
DDI-DrugBank.d492,,,DDICorpus/Train/DrugBank/Cyproheptadine_ddi.xml
DDI-DrugBank.d229,,,DDICorpus/Train/DrugBank/Cromoglicate_ddi.xml
DDI-DrugBank.d64,,,DDICorpus/Train/DrugBank/Anisindione_ddi.xml
DDI-DrugBank.d0,,,DDICorpus/Train/DrugBank/Acamprosate_ddi.xml
DDI-DrugBank.d247,,,DDICorpus/Train/DrugBank/Epinephrine_ddi.xml
DDI-DrugBank.d532,,,DDICorpus/Train/DrugBank/Abciximab_ddi.xml
DDI-DrugBank.d350,,,DDICorpus/Train/DrugBank/Caspofungin_ddi.xml
DDI-DrugBank.d253,,,DDICorpus/Train/DrugBank/Arbutamine_ddi.xml
DDI-DrugBank.d524,,,DDICorpus/Train/DrugBank/Beclomethasone_ddi.xml
DDI-DrugBank.d556,,,DDICorpus/Train/DrugBank/Cefoxitin_ddi.xml
DDI-DrugBank.d439,,,DDICorpus/Train/DrugBank/Cosyntropin_ddi.xml
DDI-DrugBank.d1,,,DDICorpus/Train/DrugBank/Filgrastim_ddi.xml
DDI-DrugBank.d310,,,DDICorpus/Train/DrugBank/Nimodipine_ddi.xml
DDI-DrugBank.d385,,,DDICorpus/Train/DrugBank/Becaplermin_ddi.xml
DDI-DrugBank.d418,,,DDICorpus/Train/DrugBank/Hydroxocobalamin_ddi.xml
DDI-DrugBank.d18,,,DDICorpus/Train/DrugBank/Lorazepam_ddi.xml
DDI-DrugBank.d58,,,DDICorpus/Train/DrugBank/Galsulfase_ddi.xml
DDI-DrugBank.d157,,,DDICorpus/Train/DrugBank/Letrozole_ddi.xml
DDI-DrugBank.d464,,,DDICorpus/Train/DrugBank/Codeine_ddi.xml
DDI-DrugBank.d223,,,DDICorpus/Train/DrugBank/Doxepin_ddi.xml
DDI-DrugBank.d541,,,DDICorpus/Train/DrugBank/Isoetharine_ddi.xml
DDI-DrugBank.d518,,,DDICorpus/Train/DrugBank/Ketamine_ddi.xml
DDI-DrugBank.d108,,,DDICorpus/Train/DrugBank/Isocarboxazid_ddi.xml
DDI-DrugBank.d525,,,DDICorpus/Train/DrugBank/Eprosartan_ddi.xml
DDI-DrugBank.d197,,,DDICorpus/Train/DrugBank/Dexmedetomidine_ddi.xml
DDI-DrugBank.d36,,,DDICorpus/Train/DrugBank/Dichlorphenamide_ddi.xml
DDI-DrugBank.d226,,,DDICorpus/Train/DrugBank/Adenosine_ddi.xml
DDI-DrugBank.d292,,,DDICorpus/Train/DrugBank/Edrophonium_ddi.xml
DDI-DrugBank.d81,,,DDICorpus/Train/DrugBank/Isradipine_ddi.xml
DDI-DrugBank.d319,,,DDICorpus/Train/DrugBank/Donepezil_ddi.xml
DDI-DrugBank.d531,,,DDICorpus/Train/DrugBank/Efavirenz_ddi.xml
DDI-DrugBank.d437,,,DDICorpus/Train/DrugBank/Amprenavir_ddi.xml
DDI-DrugBank.d25,,,DDICorpus/Train/DrugBank/Corticotropin_ddi.xml
DDI-DrugBank.d373,,,DDICorpus/Train/DrugBank/Nifedipine_ddi.xml
DDI-DrugBank.d404,,,DDICorpus/Train/DrugBank/Cholecalciferol_ddi.xml
DDI-DrugBank.d82,,,DDICorpus/Train/DrugBank/Indomethacin_ddi.xml
DDI-DrugBank.d235,,,DDICorpus/Train/DrugBank/Chlorpheniramine_ddi.xml
DDI-DrugBank.d195,,,DDICorpus/Train/DrugBank/Anastrozole_ddi.xml
DDI-DrugBank.d265,,,DDICorpus/Train/DrugBank/Chlorthalidone_ddi.xml
DDI-DrugBank.d362,,,DDICorpus/Train/DrugBank/Ciclesonide_ddi.xml
DDI-DrugBank.d560,,,DDICorpus/Train/DrugBank/Bitolterol_ddi.xml
DDI-DrugBank.d175,,,DDICorpus/Train/DrugBank/Captopril_ddi.xml
DDI-DrugBank.d469,,,DDICorpus/Train/DrugBank/Atracurium_ddi.xml
DDI-DrugBank.d387,,,DDICorpus/Train/DrugBank/Doxylamine_ddi.xml
DDI-DrugBank.d85,,,DDICorpus/Train/DrugBank/Naproxen_ddi.xml
DDI-DrugBank.d483,,,DDICorpus/Train/DrugBank/Cefotetan_ddi.xml
DDI-DrugBank.d146,,,DDICorpus/Train/DrugBank/Colchicine_ddi.xml
DDI-DrugBank.d75,,,DDICorpus/Train/DrugBank/Anagrelide_ddi.xml
DDI-DrugBank.d74,,,DDICorpus/Train/DrugBank/Halothane_ddi.xml
DDI-DrugBank.d163,,,DDICorpus/Train/DrugBank/Isotretinoin_ddi.xml
DDI-DrugBank.d489,,,DDICorpus/Train/DrugBank/Betaxolol_ddi.xml
DDI-DrugBank.d507,,,DDICorpus/Train/DrugBank/Guanfacine_ddi.xml
DDI-DrugBank.d90,,,DDICorpus/Train/DrugBank/Alglucosidase alfa_ddi.xml
DDI-DrugBank.d386,,,DDICorpus/Train/DrugBank/Desipramine_ddi.xml
DDI-DrugBank.d32,,,DDICorpus/Train/DrugBank/Ceftibuten_ddi.xml
DDI-DrugBank.d150,,,DDICorpus/Train/DrugBank/Cyclobenzaprine_ddi.xml
DDI-DrugBank.d158,,,DDICorpus/Train/DrugBank/Lisdexamfetamine_ddi.xml
DDI-DrugBank.d536,,,DDICorpus/Train/DrugBank/Acarbose_ddi.xml
DDI-DrugBank.d298,,,DDICorpus/Train/DrugBank/Cyclopentolate_ddi.xml
DDI-DrugBank.d435,,,DDICorpus/Train/DrugBank/Exemestane_ddi.xml
DDI-DrugBank.d143,,,DDICorpus/Train/DrugBank/Amiodarone_ddi.xml
DDI-DrugBank.d449,,,DDICorpus/Train/DrugBank/Adinazolam_ddi.xml
DDI-DrugBank.d344,,,DDICorpus/Train/DrugBank/L-Lysine_ddi.xml
DDI-DrugBank.d477,,,DDICorpus/Train/DrugBank/Benzphetamine_ddi.xml
DDI-DrugBank.d412,,,DDICorpus/Train/DrugBank/Labetalol_ddi.xml
DDI-DrugBank.d569,,,DDICorpus/Train/DrugBank/Bivalirudin_ddi.xml
DDI-DrugBank.d153,,,DDICorpus/Train/DrugBank/Bupivacaine_ddi.xml
DDI-DrugBank.d546,,,DDICorpus/Train/DrugBank/Fenoldopam_ddi.xml
DDI-DrugBank.d224,,,DDICorpus/Train/DrugBank/Apraclonidine_ddi.xml
DDI-DrugBank.d302,,,DDICorpus/Train/DrugBank/Guanethidine_ddi.xml
DDI-DrugBank.d291,,,DDICorpus/Train/DrugBank/Bezafibrate_ddi.xml
DDI-DrugBank.d520,,,DDICorpus/Train/DrugBank/Carboplatin_ddi.xml
DDI-DrugBank.d244,,,DDICorpus/Train/DrugBank/Adefovir Dipivoxil_ddi.xml
DDI-DrugBank.d183,,,DDICorpus/Train/DrugBank/Nitric Oxide_ddi.xml
DDI-DrugBank.d366,,,DDICorpus/Train/DrugBank/Chloroxine_ddi.xml
DDI-DrugBank.d144,,,DDICorpus/Train/DrugBank/Budesonide_ddi.xml
DDI-DrugBank.d171,,,DDICorpus/Train/DrugBank/Cimetidine_ddi.xml
DDI-DrugBank.d428,,,DDICorpus/Train/DrugBank/Epirubicin_ddi.xml
DDI-DrugBank.d448,,,DDICorpus/Train/DrugBank/Azatadine_ddi.xml
DDI-DrugBank.d62,,,DDICorpus/Train/DrugBank/Dexbrompheniramine_ddi.xml
DDI-DrugBank.d288,,,DDICorpus/Train/DrugBank/Paclitaxel_ddi.xml
DDI-DrugBank.d225,,,DDICorpus/Train/DrugBank/Glipizide_ddi.xml
DDI-DrugBank.d317,,,DDICorpus/Train/DrugBank/Conjugated Estrogens_ddi.xml
DDI-DrugBank.d184,,,DDICorpus/Train/DrugBank/Butabarbital_ddi.xml
DDI-DrugBank.d219,,,DDICorpus/Train/DrugBank/Etodolac_ddi.xml
DDI-DrugBank.d475,,,DDICorpus/Train/DrugBank/Nizatidine_ddi.xml
DDI-DrugBank.d284,,,DDICorpus/Train/DrugBank/Arformoterol_ddi.xml
DDI-DrugBank.d309,,,DDICorpus/Train/DrugBank/Clemastine_ddi.xml
DDI-DrugBank.d332,,,DDICorpus/Train/DrugBank/Doxapram_ddi.xml
DDI-DrugBank.d59,,,DDICorpus/Train/DrugBank/Ergotamine_ddi.xml
DDI-DrugBank.d4,,,DDICorpus/Train/DrugBank/Dyphylline_ddi.xml
DDI-DrugBank.d497,,,DDICorpus/Train/DrugBank/Brinzolamide_ddi.xml
DDI-DrugBank.d27,,,DDICorpus/Train/DrugBank/Irbesartan_ddi.xml
DDI-DrugBank.d212,,,DDICorpus/Train/DrugBank/Levetiracetam_ddi.xml
DDI-DrugBank.d248,,,DDICorpus/Train/DrugBank/Diethylstilbestrol_ddi.xml
DDI-DrugBank.d329,,,DDICorpus/Train/DrugBank/Ertapenem_ddi.xml
DDI-DrugBank.d494,,,DDICorpus/Train/DrugBank/Calcium Acetate_ddi.xml
DDI-DrugBank.d467,,,DDICorpus/Train/DrugBank/Bexarotene_ddi.xml
DDI-DrugBank.d506,,,DDICorpus/Train/DrugBank/Disopyramide_ddi.xml
DDI-DrugBank.d56,,,DDICorpus/Train/DrugBank/Amyl Nitrite_ddi.xml
DDI-DrugBank.d357,,,DDICorpus/Train/DrugBank/Apomorphine_ddi.xml
DDI-DrugBank.d564,,,DDICorpus/Train/DrugBank/Lidocaine_ddi.xml
DDI-DrugBank.d490,,,DDICorpus/Train/DrugBank/Gemfibrozil_ddi.xml
DDI-DrugBank.d52,,,DDICorpus/Train/DrugBank/Lepirudin_ddi.xml
DDI-DrugBank.d509,,,DDICorpus/Train/DrugBank/Aripiprazole_ddi.xml
DDI-DrugBank.d192,,,DDICorpus/Train/DrugBank/Brompheniramine_ddi.xml
DDI-DrugBank.d139,,,DDICorpus/Train/DrugBank/Menadione_ddi.xml
DDI-DrugBank.d529,,,DDICorpus/Train/DrugBank/Flurbiprofen_ddi.xml
DDI-DrugBank.d19,,,DDICorpus/Train/DrugBank/Disulfiram_ddi.xml
DDI-DrugBank.d106,,,DDICorpus/Train/DrugBank/Nisoldipine_ddi.xml
DDI-DrugBank.d463,,,DDICorpus/Train/DrugBank/Buspirone_ddi.xml
DDI-DrugBank.d147,,,DDICorpus/Train/DrugBank/Azacitidine_ddi.xml
DDI-DrugBank.d530,,,DDICorpus/Train/DrugBank/L-Phenylalanine_ddi.xml
DDI-DrugBank.d294,,,DDICorpus/Train/DrugBank/Dactinomycin_ddi.xml
DDI-DrugBank.d552,,,DDICorpus/Train/DrugBank/Nabilone_ddi.xml
DDI-DrugBank.d3,,,DDICorpus/Train/DrugBank/Ketorolac_ddi.xml
DDI-DrugBank.d286,,,DDICorpus/Train/DrugBank/Ethoxzolamide_ddi.xml
DDI-DrugBank.d547,,,DDICorpus/Train/DrugBank/Candesartan_ddi.xml
DDI-DrugBank.d345,,,DDICorpus/Train/DrugBank/Colestipol_ddi.xml
DDI-DrugBank.d208,,,DDICorpus/Train/DrugBank/Benzthiazide_ddi.xml
DDI-DrugBank.d272,,,DDICorpus/Train/DrugBank/Bromocriptine_ddi.xml
DDI-DrugBank.d441,,,DDICorpus/Train/DrugBank/Linezolid_ddi.xml
DDI-DrugBank.d88,,,DDICorpus/Train/DrugBank/Capecitabine_ddi.xml
DDI-DrugBank.d7,,,DDICorpus/Train/DrugBank/Cyclophosphamide_ddi.xml
DDI-DrugBank.d213,,,DDICorpus/Train/DrugBank/Carbimazole_ddi.xml
DDI-DrugBank.d380,,,DDICorpus/Train/DrugBank/Buprenorphine_ddi.xml
DDI-DrugBank.d42,,,DDICorpus/Train/DrugBank/Dolasetron_ddi.xml
DDI-DrugBank.d503,,,DDICorpus/Train/DrugBank/Chlorprothixene_ddi.xml
DDI-DrugBank.d434,,,DDICorpus/Train/DrugBank/Felbamate_ddi.xml
DDI-DrugBank.d320,,,DDICorpus/Train/DrugBank/Levobupivacaine_ddi.xml
DDI-DrugBank.d499,,,DDICorpus/Train/DrugBank/Ketoprofen_ddi.xml
DDI-DrugBank.d542,,,DDICorpus/Train/DrugBank/Niacin_ddi.xml
DDI-DrugBank.d533,,,DDICorpus/Train/DrugBank/Aliskiren_ddi.xml
DDI-DrugBank.d485,,,DDICorpus/Train/DrugBank/Ethynodiol Diacetate_ddi.xml
DDI-DrugBank.d369,,,DDICorpus/Train/DrugBank/Gonadorelin_ddi.xml
DDI-DrugBank.d239,,,DDICorpus/Train/DrugBank/Nesiritide_ddi.xml
DDI-DrugBank.d561,,,DDICorpus/Train/DrugBank/Benazepril_ddi.xml
DDI-DrugBank.d545,,,DDICorpus/Train/DrugBank/Carbenicillin_ddi.xml
DDI-DrugBank.d245,,,DDICorpus/Train/DrugBank/Chlorpropamide_ddi.xml
DDI-DrugBank.d259,,,DDICorpus/Train/DrugBank/Cysteamine_ddi.xml
DDI-DrugBank.d328,,,DDICorpus/Train/DrugBank/Valdecoxib_ddi.xml
DDI-DrugBank.d68,,,DDICorpus/Train/DrugBank/Ibutilide_ddi.xml
DDI-DrugBank.d480,,,DDICorpus/Train/DrugBank/Clozapine_ddi.xml
DDI-DrugBank.d123,,,DDICorpus/Train/DrugBank/Ciprofloxacin_ddi.xml
DDI-DrugBank.d395,,,DDICorpus/Train/DrugBank/Enoxacin_ddi.xml
DDI-DrugBank.d424,,,DDICorpus/Train/DrugBank/Atovaquone_ddi.xml
DDI-DrugBank.d440,,,DDICorpus/Train/DrugBank/Ibandronate_ddi.xml
DDI-DrugBank.d544,,,DDICorpus/Train/DrugBank/Basiliximab_ddi.xml
DDI-DrugBank.d557,,,DDICorpus/Train/DrugBank/Cefadroxil_ddi.xml
DDI-DrugBank.d131,,,DDICorpus/Train/DrugBank/Alprazolam_ddi.xml
DDI-DrugBank.d257,,,DDICorpus/Train/DrugBank/Levorphanol_ddi.xml
DDI-DrugBank.d512,,,DDICorpus/Train/DrugBank/Cinacalcet_ddi.xml
DDI-DrugBank.d70,,,DDICorpus/Train/DrugBank/Fulvestrant_ddi.xml
DDI-DrugBank.d169,,,DDICorpus/Train/DrugBank/Lenalidomide_ddi.xml
DDI-DrugBank.d193,,,DDICorpus/Train/DrugBank/Cetuximab_ddi.xml
DDI-DrugBank.d456,,,DDICorpus/Train/DrugBank/Erlotinib_ddi.xml
DDI-DrugBank.d406,,,DDICorpus/Train/DrugBank/Calcium Gluceptate_ddi.xml
DDI-DrugBank.d405,,,DDICorpus/Train/DrugBank/Ethchlorvynol_ddi.xml
DDI-DrugBank.d141,,,DDICorpus/Train/DrugBank/Cerivastatin_ddi.xml
DDI-DrugBank.d553,,,DDICorpus/Train/DrugBank/Aminocaproic Acid_ddi.xml
DDI-DrugBank.d43,,,DDICorpus/Train/DrugBank/Didanosine_ddi.xml
DDI-DrugBank.d99,,,DDICorpus/Train/DrugBank/Amitriptyline_ddi.xml
DDI-DrugBank.d565,,,DDICorpus/Train/DrugBank/Diltiazem_ddi.xml
DDI-DrugBank.d570,,,DDICorpus/Train/DrugBank/Dienestrol_ddi.xml
DDI-DrugBank.d97,,,DDICorpus/Train/DrugBank/Indinavir_ddi.xml
DDI-DrugBank.d315,,,DDICorpus/Train/DrugBank/Conivaptan_ddi.xml
DDI-DrugBank.d327,,,DDICorpus/Train/DrugBank/Etidronic acid_ddi.xml
DDI-DrugBank.d264,,,DDICorpus/Train/DrugBank/Bimatoprost_ddi.xml
DDI-DrugBank.d117,,,DDICorpus/Train/DrugBank/Acetohydroxamic Acid_ddi.xml
DDI-DrugBank.d482,,,DDICorpus/Train/DrugBank/Fluoxetine_ddi.xml
DDI-DrugBank.d397,,,DDICorpus/Train/DrugBank/Erythromycin_ddi.xml
DDI-DrugBank.d255,,,DDICorpus/Train/DrugBank/Chlorambucil_ddi.xml
DDI-DrugBank.d409,,,DDICorpus/Train/DrugBank/Demeclocycline_ddi.xml
DDI-DrugBank.d442,,,DDICorpus/Train/DrugBank/Flutamide_ddi.xml
DDI-DrugBank.d522,,,DDICorpus/Train/DrugBank/Dirithromycin_ddi.xml
DDI-DrugBank.d408,,,DDICorpus/Train/DrugBank/Ibritumomab_ddi.xml
DDI-DrugBank.d218,,,DDICorpus/Train/DrugBank/Nafarelin_ddi.xml
DDI-DrugBank.d346,,,DDICorpus/Train/DrugBank/Naltrexone_ddi.xml
DDI-DrugBank.d342,,,DDICorpus/Train/DrugBank/Buclizine_ddi.xml
DDI-DrugBank.d162,,,DDICorpus/Train/DrugBank/Hydrochlorothiazide_ddi.xml
DDI-DrugBank.d100,,,DDICorpus/Train/DrugBank/Cefotaxime_ddi.xml
DDI-DrugBank.d392,,,DDICorpus/Train/DrugBank/Alitretinoin_ddi.xml
DDI-DrugBank.d65,,,DDICorpus/Train/DrugBank/Sulfacetamide_ddi.xml
DDI-DrugBank.d549,,,DDICorpus/Train/DrugBank/Iloprost_ddi.xml
DDI-DrugBank.d361,,,DDICorpus/Train/DrugBank/Floxuridine_ddi.xml
DDI-DrugBank.d44,,,DDICorpus/Train/DrugBank/Efalizumab_ddi.xml
DDI-DrugBank.d471,,,DDICorpus/Train/DrugBank/Ergocalciferol_ddi.xml
DDI-DrugBank.d402,,,DDICorpus/Train/DrugBank/Follitropin beta_ddi.xml
DDI-DrugBank.d201,,,DDICorpus/Train/DrugBank/Ergoloid mesylate_ddi.xml
DDI-DrugBank.d417,,,DDICorpus/Train/DrugBank/Netilmicin_ddi.xml
DDI-DrugBank.d293,,,DDICorpus/Train/DrugBank/Diatrizoate_ddi.xml
DDI-DrugBank.d49,,,DDICorpus/Train/DrugBank/Eculizumab_ddi.xml
DDI-DrugBank.d537,,,DDICorpus/Train/DrugBank/Bentiromide_ddi.xml
DDI-DrugBank.d356,,,DDICorpus/Train/DrugBank/Amiloride_ddi.xml
DDI-DrugBank.d331,,,DDICorpus/Train/DrugBank/Bumetanide_ddi.xml
DDI-DrugBank.d178,,,DDICorpus/Train/DrugBank/Glibenclamide_ddi.xml
DDI-DrugBank.d336,,,DDICorpus/Train/DrugBank/Chlordiazepoxide_ddi.xml
DDI-DrugBank.d9,,,DDICorpus/Train/DrugBank/Azlocillin_ddi.xml
DDI-DrugBank.d168,,,DDICorpus/Train/DrugBank/Diphenylpyraline_ddi.xml
DDI-DrugBank.d476,,,DDICorpus/Train/DrugBank/Bisoprolol_ddi.xml
DDI-DrugBank.d425,,,DDICorpus/Train/DrugBank/Folic Acid_ddi.xml
DDI-DrugBank.d271,,,DDICorpus/Train/DrugBank/Nicotine_ddi.xml
DDI-DrugBank.d276,,,DDICorpus/Train/DrugBank/Nitrofurantoin_ddi.xml
DDI-DrugBank.d114,,,DDICorpus/Train/DrugBank/Aldesleukin_ddi.xml
DDI-DrugBank.d190,,,DDICorpus/Train/DrugBank/Drotrecogin alfa_ddi.xml
DDI-DrugBank.d433,,,DDICorpus/Train/DrugBank/Interferon beta-1a_ddi.xml
DDI-DrugBank.d287,,,DDICorpus/Train/DrugBank/Cevimeline_ddi.xml
DDI-DrugBank.d473,,,DDICorpus/Train/DrugBank/Clofarabine_ddi.xml
DDI-DrugBank.d22,,,DDICorpus/Train/DrugBank/Aminosalicylic Acid_ddi.xml
DDI-DrugBank.d407,,,DDICorpus/Train/DrugBank/Alemtuzumab_ddi.xml
DDI-DrugBank.d2,,,DDICorpus/Train/DrugBank/Dinoprostone_ddi.xml
DDI-DrugBank.d384,,,DDICorpus/Train/DrugBank/Calcitriol_ddi.xml
DDI-DrugBank.d304,,,DDICorpus/Train/DrugBank/Bendroflumethiazide_ddi.xml
DDI-DrugBank.d254,,,DDICorpus/Train/DrugBank/Droperidol_ddi.xml
DDI-DrugBank.d55,,,DDICorpus/Train/DrugBank/Isoproterenol_ddi.xml
DDI-DrugBank.d306,,,DDICorpus/Train/DrugBank/Norethindrone_ddi.xml
DDI-DrugBank.d403,,,DDICorpus/Train/DrugBank/Gemtuzumab ozogamicin_ddi.xml
DDI-DrugBank.d347,,,DDICorpus/Train/DrugBank/Gemifloxacin_ddi.xml
DDI-DrugBank.d191,,,DDICorpus/Train/DrugBank/Edetic Acid_ddi.xml
DDI-DrugBank.d17,,,DDICorpus/Train/DrugBank/Hydroflumethiazide_ddi.xml
DDI-DrugBank.d337,,,DDICorpus/Train/DrugBank/Daptomycin_ddi.xml
DDI-DrugBank.d528,,,DDICorpus/Train/DrugBank/L-Methionine_ddi.xml
DDI-DrugBank.d252,,,DDICorpus/Train/DrugBank/Levobunolol_ddi.xml
DDI-DrugBank.d207,,,DDICorpus/Train/DrugBank/Gefitinib_ddi.xml
DDI-DrugBank.d504,,,DDICorpus/Train/DrugBank/Loxapine_ddi.xml
DDI-DrugBank.d115,,,DDICorpus/Train/DrugBank/Imatinib_ddi.xml
DDI-DrugBank.d511,,,DDICorpus/Train/DrugBank/Foscarnet_ddi.xml
DDI-DrugBank.d486,,,DDICorpus/Train/DrugBank/Balsalazide_ddi.xml
DDI-DrugBank.d478,,,DDICorpus/Train/DrugBank/Naratriptan_ddi.xml
DDI-DrugBank.d558,,,DDICorpus/Train/DrugBank/Dofetilide_ddi.xml
DDI-DrugBank.d430,,,DDICorpus/Train/DrugBank/Alendronate_ddi.xml
DDI-DrugBank.d172,,,DDICorpus/Train/DrugBank/Celecoxib_ddi.xml
DDI-DrugBank.d365,,,DDICorpus/Train/DrugBank/L-Histidine_ddi.xml
DDI-DrugBank.d242,,,DDICorpus/Train/DrugBank/Levofloxacin_ddi.xml
DDI-DrugBank.d198,,,DDICorpus/Train/DrugBank/Vardenafil_ddi.xml
DDI-DrugBank.d109,,,DDICorpus/Train/DrugBank/Astemizole_ddi.xml
DDI-DrugBank.d371,,,DDICorpus/Train/DrugBank/Docetaxel_ddi.xml
DDI-DrugBank.d351,,,DDICorpus/Train/DrugBank/Loracarbef_ddi.xml
DDI-DrugBank.d209,,,DDICorpus/Train/DrugBank/Finasteride_ddi.xml
DDI-DrugBank.d134,,,DDICorpus/Train/DrugBank/Cladribine_ddi.xml
DDI-DrugBank.d390,,,DDICorpus/Train/DrugBank/Benztropine_ddi.xml
DDI-DrugBank.d54,,,DDICorpus/Train/DrugBank/Liothyronine_ddi.xml
DDI-DrugBank.d206,,,DDICorpus/Train/DrugBank/Lactulose_ddi.xml
DDI-DrugBank.d444,,,DDICorpus/Train/DrugBank/Fludarabine_ddi.xml
DDI-DrugBank.d238,,,DDICorpus/Train/DrugBank/Clomipramine_ddi.xml
DDI-DrugBank.d180,,,DDICorpus/Train/DrugBank/Bretylium_ddi.xml
DDI-DrugBank.d227,,,DDICorpus/Train/DrugBank/Isoflurane_ddi.xml
DDI-DrugBank.d457,,,DDICorpus/Train/DrugBank/Hexobarbital_ddi.xml
DDI-DrugBank.d325,,,DDICorpus/Train/DrugBank/Dopamine_ddi.xml
DDI-DrugBank.d160,,,DDICorpus/Train/DrugBank/Ethambutol_ddi.xml
DDI-DrugBank.d401,,,DDICorpus/Train/DrugBank/Biperiden_ddi.xml
DDI-DrugBank.d170,,,DDICorpus/Train/DrugBank/Fentanyl_ddi.xml
DDI-DrugBank.d266,,,DDICorpus/Train/DrugBank/Bicalutamide_ddi.xml
DDI-DrugBank.d110,,,DDICorpus/Train/DrugBank/Chloroprocaine_ddi.xml
DDI-DrugBank.d543,,,DDICorpus/Train/DrugBank/Dicyclomine_ddi.xml
DDI-DrugBank.d341,,,DDICorpus/Train/DrugBank/Etanercept_ddi.xml
DDI-DrugBank.d174,,,DDICorpus/Train/DrugBank/Nabumetone_ddi.xml
DDI-DrugBank.d420,,,DDICorpus/Train/DrugBank/Cefdinir_ddi.xml
DDI-DrugBank.d246,,,DDICorpus/Train/DrugBank/Butorphanol_ddi.xml
DDI-DrugBank.d107,,,DDICorpus/Train/DrugBank/Enalapril_ddi.xml
DDI-DrugBank.d39,,,DDICorpus/Train/DrugBank/Cyanocobalamin_ddi.xml
DDI-DrugBank.d443,,,DDICorpus/Train/DrugBank/Aspirin_ddi.xml
DDI-DrugBank.d352,,,DDICorpus/Train/DrugBank/Diethylpropion_ddi.xml
DDI-DrugBank.d540,,,DDICorpus/Train/DrugBank/Cetrorelix_ddi.xml
DDI-DrugBank.d48,,,DDICorpus/Train/DrugBank/Dasatinib_ddi.xml
DDI-DrugBank.d232,,,DDICorpus/Train/DrugBank/Natalizumab_ddi.xml
DDI-DrugBank.d165,,,DDICorpus/Train/DrugBank/Itraconazole_ddi.xml
DDI-DrugBank.d451,,,DDICorpus/Train/DrugBank/Clomifene_ddi.xml
DDI-DrugBank.d517,,,DDICorpus/Train/DrugBank/Dicloxacillin_ddi.xml
DDI-DrugBank.d159,,,DDICorpus/Train/DrugBank/Ganciclovir_ddi.xml
DDI-DrugBank.d237,,,DDICorpus/Train/DrugBank/Cisapride_ddi.xml
DDI-DrugBank.d432,,,DDICorpus/Train/DrugBank/Betamethasone_ddi.xml
DDI-DrugBank.d446,,,DDICorpus/Train/DrugBank/Chlorotrianisene_ddi.xml
DDI-DrugBank.d461,,,DDICorpus/Train/DrugBank/Dezocine_ddi.xml
DDI-DrugBank.d514,,,DDICorpus/Train/DrugBank/Heroin_ddi.xml
DDI-DrugBank.d280,,,DDICorpus/Train/DrugBank/Desoximetasone_ddi.xml
DDI-DrugBank.d46,,,DDICorpus/Train/DrugBank/Chlorothiazide_ddi.xml
DDI-DrugBank.d416,,,DDICorpus/Train/DrugBank/Aminohippurate_ddi.xml
DDI-DrugBank.d539,,,DDICorpus/Train/DrugBank/L-Carnitine_ddi.xml
DDI-DrugBank.d571,,,DDICorpus/Train/DrugBank/Bortezomib_ddi.xml
DDI-DrugBank.d389,,,DDICorpus/Train/DrugBank/Carbinoxamine_ddi.xml
DDI-DrugBank.d220,,,DDICorpus/Train/DrugBank/Mefloquine_ddi.xml
DDI-DrugBank.d127,,,DDICorpus/Train/DrugBank/Doxorubicin_ddi.xml
DDI-DrugBank.d414,,,DDICorpus/Train/DrugBank/Ethacrynic acid_ddi.xml
DDI-DrugBank.d111,,,DDICorpus/Train/DrugBank/L-Tyrosine_ddi.xml
DDI-DrugBank.d243,,,DDICorpus/Train/DrugBank/L-Aspartic Acid_ddi.xml
DDI-DrugBank.d89,,,DDICorpus/Train/DrugBank/Caffeine_ddi.xml
DDI-DrugBank.d374,,,DDICorpus/Train/DrugBank/Auranofin_ddi.xml
DDI-DrugBank.d270,,,DDICorpus/Train/DrugBank/Nevirapine_ddi.xml
DDI-DrugBank.d125,,,DDICorpus/Train/DrugBank/Loperamide_ddi.xml
DDI-DrugBank.d135,,,DDICorpus/Train/DrugBank/Lapatinib_ddi.xml
DDI-DrugBank.d31,,,DDICorpus/Train/DrugBank/Hydralazine_ddi.xml
DDI-DrugBank.d415,,,DDICorpus/Train/DrugBank/Ibuprofen_ddi.xml
DDI-DrugBank.d339,,,DDICorpus/Train/DrugBank/Cefixime_ddi.xml
DDI-DrugBank.d468,,,DDICorpus/Train/DrugBank/Nicardipine_ddi.xml
DDI-DrugBank.d29,,,DDICorpus/Train/DrugBank/Esomeprazole_ddi.xml
DDI-DrugBank.d249,,,DDICorpus/Train/DrugBank/Diclofenac_ddi.xml
DDI-DrugBank.d378,,,DDICorpus/Train/DrugBank/Cefepime_ddi.xml
DDI-DrugBank.d450,,,DDICorpus/Train/DrugBank/Digoxin_ddi.xml
DDI-DrugBank.d93,,,DDICorpus/Train/DrugBank/Dornase Alfa_ddi.xml
DDI-DrugBank.d393,,,DDICorpus/Train/DrugBank/Cetirizine_ddi.xml
DDI-DrugBank.d399,,,DDICorpus/Train/DrugBank/Clofazimine_ddi.xml
DDI-DrugBank.d126,,,DDICorpus/Train/DrugBank/Decitabine_ddi.xml
DDI-DrugBank.d326,,,DDICorpus/Train/DrugBank/Piperazine_ddi.xml
DDI-DrugBank.d296,,,DDICorpus/Train/DrugBank/Diphenhydramine_ddi.xml
DDI-DrugBank.d12,,,DDICorpus/Train/DrugBank/Clofibrate_ddi.xml
DDI-DrugBank.d196,,,DDICorpus/Train/DrugBank/Peginterferon alfa-2a_ddi.xml
DDI-DrugBank.d279,,,DDICorpus/Train/DrugBank/Irinotecan_ddi.xml
DDI-DrugBank.d45,,,DDICorpus/Train/DrugBank/Infliximab_ddi.xml
DDI-DrugBank.d34,,,DDICorpus/Train/DrugBank/Dorzolamide_ddi.xml
DDI-DrugBank.d413,,,DDICorpus/Train/DrugBank/Allopurinol_ddi.xml
DDI-DrugBank.d519,,,DDICorpus/Train/DrugBank/Abarelix_ddi.xml
DDI-DrugBank.d388,,,DDICorpus/Train/DrugBank/Acebutolol_ddi.xml
DDI-DrugBank.d447,,,DDICorpus/Train/DrugBank/Cefuroxime_ddi.xml
DDI-DrugBank.d498,,,DDICorpus/Train/DrugBank/Neostigmine_ddi.xml
DDI-DrugBank.d10,,,DDICorpus/Train/DrugBank/Interferon beta-1b_ddi.xml
DDI-DrugBank.d462,,,DDICorpus/Train/DrugBank/Piperacillin_ddi.xml
DDI-DrugBank.d313,,,DDICorpus/Train/DrugBank/Insulin recombinant_ddi.xml
DDI-DrugBank.d338,,,DDICorpus/Train/DrugBank/Estazolam_ddi.xml
DDI-DrugBank.d472,,,DDICorpus/Train/DrugBank/Citalopram_ddi.xml
DDI-DrugBank.d240,,,DDICorpus/Train/DrugBank/Ethopropazine_ddi.xml
DDI-DrugBank.d422,,,DDICorpus/Train/DrugBank/Esmolol_ddi.xml
DDI-DrugBank.d11,,,DDICorpus/Train/DrugBank/Atomoxetine_ddi.xml
DDI-DrugBank.d149,,,DDICorpus/Train/DrugBank/Demecarium bromide_ddi.xml
DDI-DrugBank.d91,,,DDICorpus/Train/DrugBank/Idoxuridine_ddi.xml
DDI-DrugBank.d167,,,DDICorpus/Train/DrugBank/Decamethonium_ddi.xml
DDI-DrugBank.d53,,,DDICorpus/Train/DrugBank/Azithromycin_ddi.xml
DDI-DrugBank.d513,,,DDICorpus/Train/DrugBank/Bethanechol_ddi.xml
DDI-DrugBank.d200,,,DDICorpus/Train/DrugBank/Aciclovir_ddi.xml
DDI-DrugBank.d30,,,DDICorpus/Train/DrugBank/Losartan_ddi.xml
DDI-DrugBank.d268,,,DDICorpus/Train/DrugBank/Lindane_ddi.xml
DDI-DrugBank.d479,,,DDICorpus/Train/DrugBank/Isosorbide Mononitrate_ddi.xml
DDI-DrugBank.d281,,,DDICorpus/Train/DrugBank/Cefazolin_ddi.xml
DDI-DrugBank.d411,,,DDICorpus/Train/DrugBank/Levothyroxine_ddi.xml
DDI-DrugBank.d516,,,DDICorpus/Train/DrugBank/Lomefloxacin_ddi.xml
DDI-DrugBank.d382,,,DDICorpus/Train/DrugBank/Aprepitant_ddi.xml
DDI-DrugBank.d262,,,DDICorpus/Train/DrugBank/Chlorzoxazone_ddi.xml
DDI-DrugBank.d500,,,DDICorpus/Train/DrugBank/Doxycycline_ddi.xml
DDI-DrugBank.d508,,,DDICorpus/Train/DrugBank/Alteplase_ddi.xml
DDI-DrugBank.d535,,,DDICorpus/Train/DrugBank/Enfuvirtide_ddi.xml
DDI-DrugBank.d396,,,DDICorpus/Train/DrugBank/Hydrocodone_ddi.xml
DDI-DrugBank.d164,,,DDICorpus/Train/DrugBank/Agalsidase beta_ddi.xml
DDI-DrugBank.d426,,,DDICorpus/Train/DrugBank/Frovatriptan_ddi.xml
DDI-DrugBank.d77,,,DDICorpus/Train/DrugBank/Imipramine_ddi.xml
DDI-DrugBank.d330,,,DDICorpus/Train/DrugBank/Neomycin_ddi.xml
DDI-DrugBank.d136,,,DDICorpus/Train/DrugBank/Clobazam_ddi.xml
DDI-DrugBank.d429,,,DDICorpus/Train/DrugBank/Chloroquine_ddi.xml
DDI-DrugBank.d80,,,DDICorpus/Train/DrugBank/Butenafine_ddi.xml
DDI-DrugBank.d154,,,DDICorpus/Train/DrugBank/Fenoprofen_ddi.xml
DDI-DrugBank.d551,,,DDICorpus/Train/DrugBank/Colesevelam_ddi.xml
DDI-DrugBank.d474,,,DDICorpus/Train/DrugBank/Enoxaparin_ddi.xml
DDI-DrugBank.d368,,,DDICorpus/Train/DrugBank/Acetazolamide_ddi.xml
DDI-DrugBank.d358,,,DDICorpus/Train/DrugBank/Cilostazol_ddi.xml
DDI-DrugBank.d63,,,DDICorpus/Train/DrugBank/L-Tryptophan_ddi.xml
DDI-DrugBank.d335,,,DDICorpus/Train/DrugBank/Clorazepate_ddi.xml
DDI-DrugBank.d375,,,DDICorpus/Train/DrugBank/Emtricitabine_ddi.xml
DDI-DrugBank.d377,,,DDICorpus/Train/DrugBank/Echothiophate Iodide_ddi.xml
DDI-DrugBank.d122,,,DDICorpus/Train/DrugBank/Ceftazidime_ddi.xml
DDI-DrugBank.d301,,,DDICorpus/Train/DrugBank/Estradiol_ddi.xml
DDI-DrugBank.d493,,,DDICorpus/Train/DrugBank/Adalimumab_ddi.xml
DDI-DrugBank.d86,,,DDICorpus/Train/DrugBank/Chlorpromazine_ddi.xml
DDI-DrugBank.d436,,,DDICorpus/Train/DrugBank/19-norandrostenedione_ddi.xml
DDI-DrugBank.d267,,,DDICorpus/Train/DrugBank/Doxacurium chloride_ddi.xml
DDI-DrugBank.d145,,,DDICorpus/Train/DrugBank/Cisplatin_ddi.xml
DDI-DrugBank.d269,,,DDICorpus/Train/DrugBank/Carvedilol_ddi.xml
DDI-DrugBank.d555,,,DDICorpus/Train/DrugBank/Imiquimod_ddi.xml
DDI-DrugBank.d217,,,DDICorpus/Train/DrugBank/Norfloxacin_ddi.xml
DDI-DrugBank.d118,,,DDICorpus/Train/DrugBank/Latanoprost_ddi.xml
DDI-DrugBank.d523,,,DDICorpus/Train/DrugBank/Baclofen_ddi.xml
DDI-DrugBank.d305,,,DDICorpus/Train/DrugBank/Dantrolene_ddi.xml
DDI-DrugBank.d230,,,DDICorpus/Train/DrugBank/Gadodiamide_ddi.xml
DDI-DrugBank.d14,,,DDICorpus/Train/DrugBank/Nitroglycerin_ddi.xml
DDI-DrugBank.d423,,,DDICorpus/Train/DrugBank/Dexfenfluramine_ddi.xml
DDI-DrugBank.d72,,,DDICorpus/Train/DrugBank/Busulfan_ddi.xml
DDI-DrugBank.d166,,,DDICorpus/Train/DrugBank/Ethionamide_ddi.xml
DDI-DrugBank.d567,,,DDICorpus/Train/DrugBank/Lovastatin_ddi.xml
DDI-DrugBank.d376,,,DDICorpus/Train/DrugBank/Ethinamate_ddi.xml
